id,ts,ruuvi,aplicom,companyid,address,rssi,advdata,lat,lon,geom,temperature,accx,accy,accz,battvoltage,txpower,movcounter,measseqnum,calibrated_accx,calibrated_accy,calibrated_accz
20045549,2026-01-09 01:16:43.519+02,"",Aplicom A11 001,"",80E4DA7EC61B,-70,"",60.463376,22.109561,0101000020E6100000C4EA8F300C1C36402AE09EE74F3B4E40,,,,,,,,,,,
20045550,2026-01-09 01:16:45.393+02,"",Aplicom A11 001,"",80E4DA7EC61B,-59,020106,60.463308,22.109523,0101000020E6100000E92807B3091C3640D2FC31AD4D3B4E40,,,,,,,,,,,
20045551,2026-01-09 01:16:47.808+02,"",Aplicom A11 001,"",80E4DA7EC61B,-66,"",60.463243,22.109489,0101000020E610000091459A78071C3640EB8CEF8B4B3B4E40,,,,,,,,,,,
20045552,2026-01-09 01:16:50.341+02,"",Aplicom A11 001,"",80E4DA7EC61B,-63,"",60.46308,22.109335,0101000020E6100000E44EE960FD1B364041B79734463B4E40,,,,,,,,,,,
20045553,2026-01-09 01:16:52.207+02,"",Aplicom A11 001,"",80E4DA7EC61B,-61,"",60.462975,22.109186,0101000020E61000005A2E1B9DF31B3640CCEEC9C3423B4E40,,,,,,,,,,,
20045554,2026-01-09 01:16:54.076+02,"",Aplicom A11 001,"",80E4DA7EC61B,-63,"",60.462871,22.108985,0101000020E61000002BC1E270E61B364027A25F5B3F3B4E40,,,,,,,,,,,
20045555,2026-01-09 01:16:56.729+02,"",Aplicom A11 001,"",80E4DA7EC61B,-64,"",60.462747,22.108693,0101000020E6100000DB4DF04DD31B36403BA92F4B3B3B4E40,,,,,,,,,,,
20045556,2026-01-09 01:16:58.594+02,"",Aplicom A11 001,"",80E4DA7EC61B,-61,"",60.462664,22.108494,0101000020E6100000EECF4543C61B3640AD84EE92383B4E40,,,,,,,,,,,
20045557,2026-01-09 01:17:00.461+02,"",Aplicom A11 001,"",80E4DA7EC61B,-70,"",60.462544,22.108191,0101000020E6100000B7B8C667B21B3640037B4CA4343B4E40,,,,,,,,,,,
20045559,2026-01-09 01:17:02.348+02,"",Aplicom A11 001,"",80E4DA7EC61B,-68,"",60.462413,22.107879,0101000020E6100000D9EC48F59D1B3640641F6459303B4E40,,,,,,,,,,,
20045560,2026-01-09 01:17:05.203+02,"",Aplicom A11 001,"",80E4DA7EC61B,-67,"",60.462192,22.107393,0101000020E6100000BFD18E1B7E1B3640863C821B293B4E40,,,,,,,,,,,
20045561,2026-01-09 01:17:07.976+02,"",Aplicom A11 001,"",80E4DA7EC61B,-70,"",60.462031,22.107064,0101000020E61000003694DA8B681B36407D5EF1D4233B4E40,,,,,,,,,,,
20045562,2026-01-09 01:17:09.832+02,"",Aplicom A11 001,"",80E4DA7EC61B,-56,"",60.461823,22.106659,0101000020E6100000F6D214014E1B364033C51C041D3B4E40,,,,,,,,,,,
20045563,2026-01-09 01:17:11.705+02,"",Aplicom A11 001,"",80E4DA7EC61B,-61,"",60.461737,22.106498,0101000020E6100000E316F373431B3640342DB1321A3B4E40,,,,,,,,,,,
20045564,2026-01-09 01:17:13.611+02,"",Aplicom A11 001,"",80E4DA7EC61B,-54,"",60.461513,22.106112,0101000020E610000091B6F1272A1B3640E4D6A4DB123B4E40,,,,,,,,,,,
20045565,2026-01-09 01:17:15.462+02,"",Aplicom A11 001,"",80E4DA7EC61B,-60,"",60.461326,22.105816,0101000020E6100000BF64E3C1161B3640B265F9BA0C3B4E40,,,,,,,,,,,
20045566,2026-01-09 01:17:17.331+02,"",Aplicom A11 001,"",80E4DA7EC61B,-71,"",60.461131,22.105529,0101000020E610000093C7D3F2031B3640FD153257063B4E40,,,,,,,,,,,
20045567,2026-01-09 01:17:20.709+02,"",Aplicom A11 001,"",80E4DA7EC61B,-58,"",60.460984,22.105325,0101000020E610000082734694F61A364059FD1186013B4E40,,,,,,,,,,,
20045568,2026-01-09 01:17:22.577+02,"",Aplicom A11 001,"",80E4DA7EC61B,-68,"",60.460634,22.104874,0101000020E61000006133C005D91A36407CB60E0EF63A4E40,,,,,,,,,,,
20045569,2026-01-09 01:17:24.428+02,"",Aplicom A11 001,"",80E4DA7EC61B,-56,"",60.460431,22.104639,0101000020E6100000DAE21A9FC91A364044882B67EF3A4E40,,,,,,,,,,,
20045570,2026-01-09 01:17:26.298+02,"",Aplicom A11 001,"",80E4DA7EC61B,-59,"",60.460233,22.104431,0101000020E610000047B071FDBB1A36401EC539EAE83A4E40,,,,,,,,,,,
20045571,2026-01-09 01:17:29.104+02,"",Aplicom A11 001,"",80E4DA7EC61B,-59,"",60.45995,22.104154,0101000020E610000062BF27D6A91A3640C9E53FA4DF3A4E40,,,,,,,,,,,
20045572,2026-01-09 01:17:30.966+02,"",Aplicom A11 001,"",80E4DA7EC61B,-68,"",60.459817,22.104029,0101000020E6100000E9D500A5A11A36408A929048DB3A4E40,,,,,,,,,,,
20045573,2026-01-09 01:17:32.818+02,"",Aplicom A11 001,"",80E4DA7EC61B,-59,"",60.459647,22.103872,0101000020E610000059F8FA5A971A36402D5A80B6D53A4E40,,,,,,,,,,,
20045574,2026-01-09 01:17:34.687+02,"",Aplicom A11 001,"",80E4DA7EC61B,-56,"",60.459484,22.103726,0101000020E6100000B2BE81C98D1A36408484285FD03A4E40,,,,,,,,,,,
20045575,2026-01-09 01:17:37.338+02,"",Aplicom A11 001,"",80E4DA7EC61B,-70,"",60.459288,22.103545,0101000020E610000011AAD4EC811A3640FEB8FDF2C93A4E40,,,,,,,,,,,
20045576,2026-01-09 01:17:39.201+02,"",Aplicom A11 001,"",80E4DA7EC61B,-68,"",60.459136,22.103407,0101000020E61000006F2D93E1781A36404835ECF7C43A4E40,,,,,,,,,,,
20045577,2026-01-09 01:17:41.076+02,"",Aplicom A11 001,"",80E4DA7EC61B,-70,"",60.458987,22.10327,0101000020E61000006DA818E76F1A364003250516C03A4E40,,,,,,,,,,,
20049578,2026-01-09 03:21:16.37+02,"",Aplicom A11 001,"",80E4DA7EC61B,-59,"",60.421144,22.728092,0101000020E6100000AF7AC03C64BA36400C74ED0BE8354E40,,,,,,,,,,,
20049579,2026-01-09 03:21:17.893+02,"",Aplicom A11 001,"",80E4DA7EC61B,-68,"",60.42115,22.728235,0101000020E610000075CDE49B6DBA3640EE5A423EE8354E40,,,,,,,,,,,
20049580,2026-01-09 03:21:19.834+02,"",Aplicom A11 001,"",80E4DA7EC61B,-68,"",60.421155,22.728338,0101000020E61000001E6FF25B74BA364000C63368E8354E40,,,,,,,,,,,
20049581,2026-01-09 03:21:21.882+02,"",Aplicom A11 001,"",80E4DA7EC61B,-63,"",60.421171,22.728676,0101000020E61000004E61A5828ABA364006836BEEE8354E40,,,,,,,,,,,
20049582,2026-01-09 03:21:23.41+02,"",Aplicom A11 001,"",80E4DA7EC61B,-72,"",60.421177,22.728858,0101000020E61000008F6D197096BA3640E869C020E9354E40,,,,,,,,,,,
20049583,2026-01-09 03:41:48.05+02,"",Aplicom A11 001,"",80E4DA7EC61B,-70,020106,60.391843,23.082998,0101000020E610000027A25F5B3F153740511553E927324E40,,,,,,,,,,,
20049584,2026-01-09 03:41:49.957+02,"",Aplicom A11 001,"",80E4DA7EC61B,-59,"",60.391796,23.083046,0101000020E61000004910AE8042153740105A0F5F26324E40,,,,,,,,,,,
20049585,2026-01-09 03:41:51.834+02,"",Aplicom A11 001,"",80E4DA7EC61B,-62,"",60.391735,23.083099,0101000020E61000008F54DFF9451537406AD95A5F24324E40,,,,,,,,,,,
20049586,2026-01-09 03:41:53.711+02,"",Aplicom A11 001,"",80E4DA7EC61B,-54,"",60.391671,23.083171,0101000020E6100000C2F9D4B14A15374054E57B4622324E40,,,,,,,,,,,
20049587,2026-01-09 03:41:55.56+02,"",Aplicom A11 001,"",80E4DA7EC61B,-60,"",60.39162,23.083243,0101000020E6100000F59ECA694F153740D23AAA9A20324E40,,,,,,,,,,,
20049588,2026-01-09 03:41:58.155+02,"",Aplicom A11 001,"",80E4DA7EC61B,-60,"",60.391523,23.08344,0101000020E6100000A12DE7525C153740DF50F86C1D324E40,,,,,,,,,,,
20049589,2026-01-09 03:42:00.014+02,"",Aplicom A11 001,"",80E4DA7EC61B,-59,"",60.391468,23.083623,0101000020E610000083312251681537401CB7989F1B324E40,,,,,,,,,,,
20049590,2026-01-09 03:42:01.892+02,"",Aplicom A11 001,"",80E4DA7EC61B,-70,"",60.391437,23.083783,0101000020E6100000F5F57CCD72153740E1B88C9B1A324E40,,,,,,,,,,,
20049591,2026-01-09 03:42:03.792+02,"",Aplicom A11 001,"",80E4DA7EC61B,-56,"",60.391414,23.084024,0101000020E61000004014CC988215374028999CDA19324E40,,,,,,,,,,,
20049592,2026-01-09 03:42:06.219+02,"",Aplicom A11 001,"",80E4DA7EC61B,-61,"",60.391424,23.084362,0101000020E610000070067FBF981537404C6F7F2E1A324E40,,,,,,,,,,,
20049593,2026-01-09 03:42:08.078+02,"",Aplicom A11 001,"",80E4DA7EC61B,-74,"",60.391453,23.084646,0101000020E6100000BABC395CAB153740E675C4211B324E40,,,,,,,,,,,
20049594,2026-01-09 03:42:09.938+02,"",Aplicom A11 001,"",80E4DA7EC61B,-63,"",60.391478,23.084867,0101000020E61000007782FDD7B91537403F8D7BF31B324E40,,,,,,,,,,,
20049595,2026-01-09 03:42:11.789+02,"",Aplicom A11 001,"",80E4DA7EC61B,-63,"",60.391511,23.085179,0101000020E6100000554E7B4ACE1537401B834E081D324E40,,,,,,,,,,,
20049596,2026-01-09 03:42:14.208+02,"",Aplicom A11 001,"",80E4DA7EC61B,-54,"",60.391539,23.085603,0101000020E610000082700514EA153740E50D30F31D324E40,,,,,,,,,,,
20049597,2026-01-09 03:42:16.079+02,"",Aplicom A11 001,"",80E4DA7EC61B,-56,"",60.391545,23.085963,0101000020E610000082AAD1AB01163740C7F484251E324E40,,,,,,,,,,,
20049598,2026-01-09 03:42:17.957+02,"",Aplicom A11 001,"",80E4DA7EC61B,-64,"",60.391537,23.08624,0101000020E6100000679B1BD313163740441669E21D324E40,,,,,,,,,,,
20049599,2026-01-09 03:42:19.831+02,"",Aplicom A11 001,"",80E4DA7EC61B,-55,"",60.391513,23.086615,0101000020E6100000D15790662C163740BC7A15191D324E40,,,,,,,,,,,
20049600,2026-01-09 03:42:22.265+02,"",Aplicom A11 001,"",80E4DA7EC61B,-52,"",60.391473,23.087102,0101000020E61000008C6A11514C1637402D228AC91B324E40,,,,,,,,,,,
20049601,2026-01-09 03:42:24.166+02,"",Aplicom A11 001,"",80E4DA7EC61B,-60,"",60.391439,23.087503,0101000020E6100000494DBB986616374081B053AC1A324E40,,,,,,,,,,,
20049602,2026-01-09 03:42:26.047+02,"",Aplicom A11 001,"",80E4DA7EC61B,-58,"",60.391406,23.08792,0101000020E610000011AAD4EC81163740A6BA809719324E40,,,,,,,,,,,
20049603,2026-01-09 03:42:28.655+02,"",Aplicom A11 001,"",80E4DA7EC61B,-64,"",60.391381,23.088243,0101000020E6100000D619DF17971637404DA3C9C518324E40,,,,,,,,,,,
20049604,2026-01-09 03:42:30.526+02,"",Aplicom A11 001,"",80E4DA7EC61B,-60,"",60.391335,23.088795,0101000020E61000005F0CE544BB163740DC63E94317324E40,,,,,,,,,,,
20049605,2026-01-09 03:42:32.393+02,"",Aplicom A11 001,"",80E4DA7EC61B,-59,"",60.391298,23.089236,0101000020E610000038A0A52BD8163740BF7E880D16324E40,,,,,,,,,,,
20049606,2026-01-09 03:42:34.262+02,"",Aplicom A11 001,"",80E4DA7EC61B,-59,"",60.391261,23.089686,0101000020E6100000B8E864A9F5163740A29927D714324E40,,,,,,,,,,,
20049607,2026-01-09 03:42:36.657+02,"",Aplicom A11 001,"",80E4DA7EC61B,-60,"",60.391232,23.090035,0101000020E6100000D07EA4880C1737400893E2E313324E40,,,,,,,,,,,
20049608,2026-01-09 03:42:38.539+02,"",Aplicom A11 001,"",80E4DA7EC61B,-55,"",60.391185,23.090627,0101000020E61000007522C15433173740C7D79E5912324E40,,,,,,,,,,,
20049609,2026-01-09 03:42:40.404+02,"",Aplicom A11 001,"",80E4DA7EC61B,-59,"",60.391143,23.091087,0101000020E61000003C17467A5117374098874CF910324E40,,,,,,,,,,,
20049610,2026-01-09 03:42:42.3+02,"",Aplicom A11 001,"",80E4DA7EC61B,-57,"",60.391078,23.091533,0101000020E61000003881E9B46E173740B1170AD80E324E40,,,,,,,,,,,
20049611,2026-01-09 03:42:44.656+02,"",Aplicom A11 001,"",80E4DA7EC61B,-61,"",60.39101,23.091855,0101000020E61000005DF92CCF8317374059349D9D0C324E40,,,,,,,,,,,
20049612,2026-01-09 03:42:47.238+02,"",Aplicom A11 001,"",80E4DA7EC61B,-66,"",60.390775,23.09251,0101000020E61000008F8D40BCAE173740158C4AEA04324E40,,,,,,,,,,,
20049613,2026-01-09 03:42:49.096+02,"",Aplicom A11 001,"",80E4DA7EC61B,-53,"",60.390601,23.092818,0101000020E6100000EA7AA2EBC21737407764AC36FF314E40,,,,,,,,,,,
20049614,2026-01-09 03:44:06.51+02,"",Aplicom A11 001,"",80E4DA7EC61B,-65,"",60.38424,23.100431,0101000020E61000002C8194D8B519374053E8BCC62E314E40,,,,,,,,,,,
20049615,2026-01-09 03:44:08.369+02,"",Aplicom A11 001,"",80E4DA7EC61B,-61,"",60.384291,23.100601,0101000020E6100000E5F1B4FCC0193740D5928E7230314E40,,,,,,,,,,,
20049616,2026-01-09 03:44:10.236+02,"",Aplicom A11 001,"",80E4DA7EC61B,-57,"",60.38436,23.100778,0101000020E610000002284696CC193740FEF15EB532314E40,,,,,,,,,,,
20049617,2026-01-09 03:44:12.644+02,"",Aplicom A11 001,"",80E4DA7EC61B,-56,"",60.384417,23.100916,0101000020E6100000A5A487A1D51937406283859334314E40,,,,,,,,,,,
20049618,2026-01-09 03:44:14.507+02,"",Aplicom A11 001,"",80E4DA7EC61B,-58,020106,60.384528,23.101143,0101000020E61000002638F581E4193740BA32A83638314E40,,,,,,,,,,,
20049619,2026-01-09 03:44:16.365+02,"",Aplicom A11 001,"",80E4DA7EC61B,-67,"",60.38463,23.101331,0101000020E61000002B1213D4F0193740BE874B8E3B314E40,,,,,,,,,,,
20049620,2026-01-09 03:44:18.248+02,"",Aplicom A11 001,"",80E4DA7EC61B,-70,"",60.384738,23.101521,0101000020E610000073DBBE47FD193740A4C343183F314E40,,,,,,,,,,,
20049621,2026-01-09 03:44:20.669+02,"",Aplicom A11 001,"",80E4DA7EC61B,-62,"",60.384826,23.101665,0101000020E6100000D925AAB7061A3740435376FA41314E40,,,,,,,,,,,
20049622,2026-01-09 03:44:22.53+02,"",Aplicom A11 001,"",80E4DA7EC61B,-66,"",60.384982,23.101915,0101000020E6100000CBF8F719171A37403BC6151747314E40,,,,,,,,,,,
20049623,2026-01-09 03:44:25.939+02,"",Aplicom A11 001,"",80E4DA7EC61B,-60,"",60.385213,23.102295,0101000020E6100000598B4F01301A37403D7FDAA84E314E40,,,,,,,,,,,
20049624,2026-01-09 03:44:28.673+02,"",Aplicom A11 001,"",80E4DA7EC61B,-64,"",60.385348,23.102513,0101000020E6100000336ABE4A3E1A37401DCA501553314E40,,,,,,,,,,,
20049625,2026-01-09 03:44:30.541+02,"",Aplicom A11 001,"",80E4DA7EC61B,-64,"",60.385512,23.102783,0101000020E6100000B39597FC4F1A3740971B0C7558314E40,,,,,,,,,,,
20049626,2026-01-09 03:44:32.395+02,"",Aplicom A11 001,"",80E4DA7EC61B,-60,"",60.385642,23.102994,0101000020E610000029AF95D05D1A374065FB90B75C314E40,,,,,,,,,,,
20049627,2026-01-09 03:44:34.271+02,"",Aplicom A11 001,"",80E4DA7EC61B,-66,"",60.385768,23.103198,0101000020E61000003A03232F6B1A3740F2EB87D860314E40,,,,,,,,,,,
20049628,2026-01-09 03:44:36.675+02,"",Aplicom A11 001,"",80E4DA7EC61B,-56,"",60.385862,23.103348,0101000020E6100000651BB803751A374074620FED63314E40,,,,,,,,,,,
20049629,2026-01-09 03:44:38.534+02,"",Aplicom A11 001,"",80E4DA7EC61B,-61,020106,60.386015,23.103598,0101000020E610000057EE0566851A3740FA6184F068314E40,,,,,,,,,,,
20049630,2026-01-09 03:44:40.4+02,"",Aplicom A11 001,"",80E4DA7EC61B,-55,"",60.386135,23.103797,0101000020E6100000446CB070921A3740A56B26DF6C314E40,,,,,,,,,,,
20049631,2026-01-09 03:44:42.274+02,"",Aplicom A11 001,"",80E4DA7EC61B,-58,"",60.386253,23.103991,0101000020E61000000E1478279F1A3740AF7D01BD70314E40,,,,,,,,,,,
20049632,2026-01-09 03:44:44.68+02,"",Aplicom A11 001,"",80E4DA7EC61B,-60,"",60.386341,23.104132,0101000020E610000092770E65A81A37404E0D349F73314E40,,,,,,,,,,,
20049633,2026-01-09 03:44:47.356+02,"",Aplicom A11 001,"",80E4DA7EC61B,-58,"",60.386534,23.10444,0101000020E6100000ED647094BC1A3740626534F279314E40,,,,,,,,,,,
20049634,2026-01-09 03:44:49.236+02,"",Aplicom A11 001,"",80E4DA7EC61B,-52,"",60.386628,23.104591,0101000020E6100000B874CC79C61A3740E4DBBB067D314E40,,,,,,,,,,,
20049635,2026-01-09 03:44:51.112+02,"",Aplicom A11 001,"",80E4DA7EC61B,-52,"",60.386711,23.104723,0101000020E610000096236420CF1A37407100FDBE7F314E40,,,,,,,,,,,
20049636,2026-01-09 03:44:53.752+02,"",Aplicom A11 001,"",80E4DA7EC61B,-56,"",60.386791,23.104855,0101000020E610000074D2FBC6D71A37408EB1135E82314E40,,,,,,,,,,,
20049637,2026-01-09 03:44:55.62+02,"",Aplicom A11 001,"",80E4DA7EC61B,-76,"",60.386836,23.104933,0101000020E61000006B459BE3DC1A37402E7590D783314E40,,,,,,,,,,,
20049639,2026-01-09 03:44:59.361+02,"",Aplicom A11 001,"",80E4DA7EC61B,-55,"",60.386867,23.105099,0101000020E6100000A1D79FC4E71A374069739CDB84314E40,,,,,,,,,,,
20049641,2026-01-09 03:45:02.168+02,"",Aplicom A11 001,"",80E4DA7EC61B,-83,"",60.386844,23.105258,0101000020E610000072A43330F21A3740B153AC1A84314E40,,,,,,,,,,,
20049644,2026-01-09 03:45:04.06+02,"",Aplicom A11 001,"",80E4DA7EC61B,-57,020106,60.386827,23.105369,0101000020E610000021037976F91A3740DA1A118C83314E40,,,,,,,,,,,
20049647,2026-01-09 03:45:05.971+02,"",Aplicom A11 001,"",80E4DA7EC61B,-52,020106,60.386817,23.105458,0101000020E6100000001AA54BFF1A3740B7442E3883314E40,,,,,,,,,,,
20063063,2026-01-09 16:27:47.921+02,"",Aplicom A11 001,"",80E4DA7EC61B,-52,"",60.404377,22.820764,0101000020E6100000F1BBE9961DD23640962023A0C2334E40,,,,,,,,,,,
20063064,2026-01-09 16:27:49.785+02,"",Aplicom A11 001,"",80E4DA7EC61B,-61,"",60.404496,22.820026,0101000020E6100000A4DE5339EDD1364071AE6186C6334E40,,,,,,,,,,,
20063065,2026-01-09 16:27:51.882+02,"",Aplicom A11 001,"",80E4DA7EC61B,-63,"",60.404556,22.819656,0101000020E61000005DF8C1F9D4D1364046B3B27DC8334E40,,,,,,,,,,,
20063066,2026-01-09 16:27:53.743+02,"",Aplicom A11 001,"",80E4DA7EC61B,-63,"",60.40474,22.818544,0101000020E610000047567E198CD1364007B13385CE334E40,,,,,,,,,,,
20063067,2026-01-09 16:27:55.621+02,"",Aplicom A11 001,"",80E4DA7EC61B,-67,"",60.404865,22.817805,0101000020E61000005A8121AB5BD13640C425C79DD2334E40,,,,,,,,,,,
20063068,2026-01-09 16:27:57.474+02,"",Aplicom A11 001,"",80E4DA7EC61B,-60,"",60.404962,22.817256,0101000020E6100000B47570B037D13640B60F79CBD5334E40,,,,,,,,,,,
20063069,2026-01-09 16:27:59.352+02,"",Aplicom A11 001,"",80E4DA7EC61B,-57,"",60.405088,22.816518,0101000020E61000006798DA5207D13640430070ECD9334E40,,,,,,,,,,,
20063070,2026-01-09 16:28:01.803+02,"",Aplicom A11 001,"",80E4DA7EC61B,-58,"",60.405248,22.815594,0101000020E610000057D0B4C4CAD036407C629D2ADF334E40,,,,,,,,,,,
20063071,2026-01-09 16:28:03.674+02,"",Aplicom A11 001,"",80E4DA7EC61B,-54,"",60.405375,22.814853,0101000020E6100000280CCA349AD03640D9CEF753E3334E40,,,,,,,,,,,
20063072,2026-01-09 16:28:05.567+02,"",Aplicom A11 001,"",80E4DA7EC61B,-58,"",60.405501,22.814109,0101000020E610000017618A7269D0364066BFEE74E7334E40,,,,,,,,,,,
20063073,2026-01-09 16:28:07.455+02,"",Aplicom A11 001,"",80E4DA7EC61B,-65,"",60.405597,22.813553,0101000020E61000000C90680245D03640882D3D9AEA334E40,,,,,,,,,,,
20063074,2026-01-09 16:28:10.152+02,"",Aplicom A11 001,"",80E4DA7EC61B,-60,"",60.405759,22.812628,0101000020E61000005BD07B6308D03640628731E9EF334E40,,,,,,,,,,,
20063075,2026-01-09 16:28:12.022+02,"",Aplicom A11 001,"",80E4DA7EC61B,-55,"",60.405889,22.811886,0101000020E61000008C14CAC2D7CF36403067B62BF4334E40,,,,,,,,,,,
20063076,2026-01-09 16:28:13.91+02,"",Aplicom A11 001,"",80E4DA7EC61B,-62,"",60.406018,22.811155,0101000020E6100000A4FCA4DAA7CF36402ECBD765F8334E40,,,,,,,,,,,
20063077,2026-01-09 16:28:16.723+02,"",Aplicom A11 001,"",80E4DA7EC61B,-65,"",60.406206,22.810061,0101000020E6100000DBC35E2860CF364030B8E68EFE334E40,,,,,,,,,,,
20063078,2026-01-09 16:28:18.592+02,"",Aplicom A11 001,"",80E4DA7EC61B,-54,"",60.406331,22.809326,0101000020E610000070CD1DFD2FCF3640ED2C7AA702344E40,,,,,,,,,,,
20063079,2026-01-09 16:28:20.487+02,"",Aplicom A11 001,"",80E4DA7EC61B,-60,"",60.406426,22.808772,0101000020E6100000A7EB89AE0BCF36403F1F65C405344E40,,,,,,,,,,,
20063080,2026-01-09 16:28:22.357+02,"",Aplicom A11 001,"",80E4DA7EC61B,-61,020106,60.406553,22.808034,0101000020E61000005A0EF450DBCE36409C8BBFED09344E40,,,,,,,,,,,
20063081,2026-01-09 16:28:25.716+02,"",Aplicom A11 001,"",80E4DA7EC61B,-61,"",60.406714,22.807116,0101000020E61000000E1478279FCE3640A56950340F344E40,,,,,,,,,,,
20063082,2026-01-09 16:28:27.584+02,"",Aplicom A11 001,"",80E4DA7EC61B,-60,"",60.406842,22.80638,0101000020E6100000032670EB6ECE3640D2510E6613344E40,,,,,,,,,,,
20063083,2026-01-09 16:28:29.462+02,"",Aplicom A11 001,"",80E4DA7EC61B,-65,"",60.407001,22.805458,0101000020E6100000344DD87E32CE36403B38D89B18344E40,,,,,,,,,,,
20063084,2026-01-09 16:28:31.326+02,"",Aplicom A11 001,"",80E4DA7EC61B,-64,"",60.407128,22.804722,0101000020E6100000295FD04202CE364098A432C51C344E40,,,,,,,,,,,
20063085,2026-01-09 16:28:33.177+02,"",Aplicom A11 001,"",80E4DA7EC61B,-65,"",60.407257,22.803985,0101000020E61000007D7901F6D1CD3640960854FF20344E40,,,,,,,,,,,
20063086,2026-01-09 16:28:35.046+02,"",Aplicom A11 001,"",80E4DA7EC61B,-58,"",60.407355,22.80343,0101000020E610000012A0A696ADCD3640596E693524344E40,,,,,,,,,,,
20063087,2026-01-09 16:28:36.916+02,"",Aplicom A11 001,"",80E4DA7EC61B,-60,"",60.407483,22.802691,0101000020E610000025CB49287DCD36408656276728344E40,,,,,,,,,,,
20063088,2026-01-09 16:28:39.54+02,"",Aplicom A11 001,"",80E4DA7EC61B,-60,"",60.407612,22.801953,0101000020E6100000D9EDB3CA4CCD364084BA48A12C344E40,,,,,,,,,,,
20063089,2026-01-09 16:28:41.408+02,"",Aplicom A11 001,"",80E4DA7EC61B,-59,"",60.407774,22.801031,0101000020E610000009151C5E10CD36405E143DF031344E40,,,,,,,,,,,
20063090,2026-01-09 16:28:43.301+02,"",Aplicom A11 001,"",80E4DA7EC61B,-56,"",60.407905,22.800292,0101000020E61000001C40BFEFDFCC3640FC6F253B36344E40,,,,,,,,,,,
20063091,2026-01-09 16:28:45.719+02,"",Aplicom A11 001,"",80E4DA7EC61B,-56,"",60.408001,22.799738,0101000020E6100000535E2BA1BBCC36401EDE736039344E40,,,,,,,,,,,
20063092,2026-01-09 16:28:48.44+02,"",Aplicom A11 001,"",80E4DA7EC61B,-54,"",60.40822,22.798444,0101000020E6100000FBAF73D366CC36405CC98E8D40344E40,,,,,,,,,,,
20063093,2026-01-09 16:32:15.473+02,"",Aplicom A11 001,"",80E4DA7EC61B,-60,"",60.421258,22.728743,0101000020E61000005E30B8E68EBA3640D5963AC8EB354E40,,,,,,,,,,,
20063094,2026-01-09 16:32:17.332+02,"",Aplicom A11 001,"",80E4DA7EC61B,-64,"",60.421262,22.728408,0101000020E610000010255AF278BA36401686C8E9EB354E40,,,,,,,,,,,
20063095,2026-01-09 16:32:19.207+02,"",Aplicom A11 001,"",80E4DA7EC61B,-59,"",60.421265,22.728179,0101000020E61000004DA25EF069BA364087F9F202EC354E40,,,,,,,,,,,
20063096,2026-01-09 16:32:21.08+02,"",Aplicom A11 001,"",80E4DA7EC61B,-69,"",60.421268,22.72804,0101000020E61000000A2E56D460BA3640F86C1D1CEC354E40,,,,,,,,,,,
20063097,2026-01-09 16:32:23.492+02,"",Aplicom A11 001,"",80E4DA7EC61B,-76,020106,60.421276,22.727891,0101000020E6100000800D881057BA36407B4B395FEC354E40,,,,,,,,,,,
20063098,2026-01-09 16:32:25.349+02,"",Aplicom A11 001,"",80E4DA7EC61B,-77,"",60.42132,22.727718,0101000020E6100000E5B512BA4BBA36404B9352D0ED354E40,,,,,,,,,,,
20063099,2026-01-09 16:32:27.589+02,"",Aplicom A11 001,"",80E4DA7EC61B,-55,"",60.421372,22.727638,0101000020E6100000AC53E57B46BA36409DB98784EF354E40,,,,,,,,,,,
20063100,2026-01-09 16:32:29.465+02,"",Aplicom A11 001,"",80E4DA7EC61B,-59,"",60.421492,22.72758,0101000020E61000004339D1AE42BA364048C32973F3354E40,,,,,,,,,,,
20063101,2026-01-09 16:32:31.312+02,"",Aplicom A11 001,"",80E4DA7EC61B,-59,"",60.421604,22.727566,0101000020E610000079AEEFC341BA364070EEAF1EF7354E40,,,,,,,,,,,
20063102,2026-01-09 16:32:33.186+02,"",Aplicom A11 001,"",80E4DA7EC61B,-58,020106,60.421731,22.727564,0101000020E610000038BF61A241BA3640CD5A0A48FB354E40,,,,,,,,,,,
20063143,2026-01-09 16:32:36.249+02,"",Aplicom A11 001,"",80E4DA7EC61B,-69,"",60.421935,22.727594,0101000020E61000000DC4B29943BA3640D50451F701364E40,,,,,,,,,,,
20063144,2026-01-09 16:32:38.102+02,"",Aplicom A11 001,"",80E4DA7EC61B,-51,"",60.422049,22.727613,0101000020E6100000FB2477D844BA36409E279EB305364E40,,,,,,,,,,,
20063145,2026-01-09 16:32:40.82+02,"",Aplicom A11 001,"",80E4DA7EC61B,-62,"",60.422295,22.727647,0101000020E61000005308E41247BA3640D52137C30D364E40,,,,,,,,,,,
20063146,2026-01-09 16:32:42.711+02,"",Aplicom A11 001,"",80E4DA7EC61B,-62,"",60.422471,22.727666,0101000020E61000004069A85148BA364014419C8713364E40,,,,,,,,,,,
20063147,2026-01-09 16:32:44.581+02,"",Aplicom A11 001,"",80E4DA7EC61B,-50,020106,60.422611,22.727677,0101000020E6100000280D350A49BA364006F7031E18364E40,,,,,,,,,,,
20063148,2026-01-09 16:32:46.473+02,"",Aplicom A11 001,"",80E4DA7EC61B,-55,"",60.422805,22.727678,0101000020E6100000C904FC1A49BA3640EACA67791E364E40,,,,,,,,,,,
20063149,2026-01-09 16:32:49.758+02,"",Aplicom A11 001,"",80E4DA7EC61B,-63,"",60.423164,22.727621,0101000020E610000000E2AE5E45BA36401A6CEA3C2A364E40,,,,,,,,,,,
20063150,2026-01-09 16:32:51.633+02,"",Aplicom A11 001,"",80E4DA7EC61B,-52,"",60.423377,22.727551,0101000020E61000000E2C47C840BA36407670B03731364E40,,,,,,,,,,,
20063151,2026-01-09 16:32:53.503+02,"",Aplicom A11 001,"",80E4DA7EC61B,-61,"",60.423537,22.727481,0101000020E61000001D76DF313CBA3640AFD2DD7536364E40,,,,,,,,,,,
20063152,2026-01-09 16:32:55.412+02,"",Aplicom A11 001,"",80E4DA7EC61B,-66,"",60.423645,22.727431,0101000020E6100000B91803EB38BA3640950ED6FF39364E40,,,,,,,,,,,
20063153,2026-01-09 16:32:57.293+02,"",Aplicom A11 001,"",80E4DA7EC61B,-69,"",60.423972,22.727271,0101000020E61000004754A86E2EBA3640B935E9B644364E40,,,,,,,,,,,
20063154,2026-01-09 16:32:59.18+02,"",Aplicom A11 001,"",80E4DA7EC61B,-63,"",60.424196,22.727161,0101000020E610000039ED293927BA3640098CF50D4C364E40,,,,,,,,,,,
20063155,2026-01-09 16:33:01.052+02,"",Aplicom A11 001,"",80E4DA7EC61B,-54,"",60.424365,22.727074,0101000020E61000009CC58B8521BA36409548A29751364E40,,,,,,,,,,,
20063156,2026-01-09 16:33:03.388+02,"",Aplicom A11 001,"",80E4DA7EC61B,-63,020106,60.424537,22.726979,0101000020E6100000F8E0B54B1BBA36409278793A57364E40,,,,,,,,,,,
20063157,2026-01-09 16:33:05.257+02,"",Aplicom A11 001,"",80E4DA7EC61B,-66,"",60.424891,22.726776,0101000020E61000008884EFFD0DBA3640B0AE0AD462364E40,,,,,,,,,,,
20063158,2026-01-09 16:33:07.102+02,"",Aplicom A11 001,"",80E4DA7EC61B,-60,"",60.42507,22.726657,0101000020E6100000D368723106BA36405F419AB168364E40,,,,,,,,,,,
20063159,2026-01-09 16:33:09.796+02,"",Aplicom A11 001,"",80E4DA7EC61B,-63,"",60.425419,22.726363,0101000020E61000004206F2ECF2B936406B0C3A2174364E40,,,,,,,,,,,
20063160,2026-01-09 16:33:12.456+02,"",Aplicom A11 001,"",80E4DA7EC61B,-69,"",60.425706,22.726054,0101000020E61000004721C9ACDEB9364001DBC1887D364E40,,,,,,,,,,,
20063161,2026-01-09 16:33:14.309+02,"",Aplicom A11 001,"",80E4DA7EC61B,-62,"",60.425932,22.72578,0101000020E61000004417D4B7CCB93640F22895F084364E40,,,,,,,,,,,
20063162,2026-01-09 16:33:16.171+02,"",Aplicom A11 001,"",80E4DA7EC61B,-64,"",60.426156,22.725495,0101000020E61000005969520ABAB93640417FA1478C364E40,,,,,,,,,,,
20063163,2026-01-09 16:33:18.028+02,"",Aplicom A11 001,"",80E4DA7EC61B,-69,"",60.426322,22.725285,0101000020E610000084471B47ACB936405CC823B891364E40,,,,,,,,,,,
20063164,2026-01-09 16:33:20.819+02,"",Aplicom A11 001,"",80E4DA7EC61B,-57,"",60.426633,22.724893,0101000020E61000006E19709692B936407B32FFE89B364E40,,,,,,,,,,,
20063165,2026-01-09 16:33:22.702+02,"",Aplicom A11 001,"",80E4DA7EC61B,-66,"",60.426829,22.724658,0101000020E6100000E7C8CA2F83B9364000FE2955A2364E40,,,,,,,,,,,
20063166,2026-01-09 16:33:24.571+02,"",Aplicom A11 001,"",80E4DA7EC61B,-67,"",60.42697,22.724497,0101000020E6100000D40CA9A278B93640C22FF5F3A6364E40,,,,,,,,,,,
20063167,2026-01-09 16:33:53.271+02,"",Aplicom A11 001,"",80E4DA7EC61B,-71,"",60.429051,22.722702,0101000020E6100000F9C08EFF02B9364076A8A624EB364E40,,,,,,,,,,,
20063168,2026-01-09 16:33:55.133+02,"",Aplicom A11 001,"",80E4DA7EC61B,-62,"",60.429117,22.722663,0101000020E61000007D073F7100B936402D944C4EED364E40,,,,,,,,,,,
20063169,2026-01-09 16:33:56.993+02,"",Aplicom A11 001,"",80E4DA7EC61B,-77,"",60.429193,22.722618,0101000020E61000003D80457EFDB836400856D5CBEF364E40,,,,,,,,,,,
20063170,2026-01-09 16:33:59.405+02,"",Aplicom A11 001,"",80E4DA7EC61B,-63,020106,60.429241,22.72259,0101000020E6100000A96A82A8FBB83640198D7C5EF1364E40,,,,,,,,,,,
20063172,2026-01-09 16:34:01.276+02,"",Aplicom A11 001,"",80E4DA7EC61B,-65,"",60.429326,22.722536,0101000020E6100000C32E8A1EF8B8364048A98427F4364E40,,,,,,,,,,,
20063174,2026-01-09 16:34:03.135+02,"",Aplicom A11 001,"",80E4DA7EC61B,-67,"",60.429356,22.72251,0101000020E61000007008556AF6B83640B22B2D23F5364E40,,,,,,,,,,,
20063175,2026-01-09 16:34:04.995+02,"",Aplicom A11 001,"",80E4DA7EC61B,-68,020106,60.429385,22.722471,0101000020E6100000F44E05DCF3B836404D327216F6364E40,,,,,,,,,,,
20063176,2026-01-09 16:34:07.386+02,"",Aplicom A11 001,"",80E4DA7EC61B,-64,"",60.429407,22.722398,0101000020E610000020B24813EFB8364034D6FECEF6364E40,,,,,,,,,,,
20063177,2026-01-09 16:34:09.772+02,"",Aplicom A11 001,"",80E4DA7EC61B,-58,"",60.429408,22.722247,0101000020E610000055A2EC2DE5B83640055262D7F6364E40,,,,,,,,,,,
20063178,2026-01-09 16:34:11.631+02,"",Aplicom A11 001,"",80E4DA7EC61B,-57,"",60.42937,22.722036,0101000020E6100000DF88EE59D7B8364017F19D98F5364E40,,,,,,,,,,,
20063179,2026-01-09 16:34:13.488+02,"",Aplicom A11 001,"",80E4DA7EC61B,-69,"",60.429341,22.721921,0101000020E6100000AD4B8DD0CFB836407DEA58A5F4364E40,,,,,,,,,,,
20063180,2026-01-09 16:34:15.412+02,"",Aplicom A11 001,"",80E4DA7EC61B,-74,"",60.429319,22.721839,0101000020E610000033FAD170CAB836409546CCECF3364E40,,,,,,,,,,,
20063181,2026-01-09 16:34:17.282+02,"",Aplicom A11 001,"",80E4DA7EC61B,-79,"",60.429226,22.721526,0101000020E6100000B5368DEDB5B83640E44BA8E0F0364E40,,,,,,,,,,,
20063182,2026-01-09 16:34:19.129+02,"",Aplicom A11 001,"",80E4DA7EC61B,-61,020106,60.429165,22.721355,0101000020E61000005BCEA5B8AAB836403ECBF3E0EE364E40,,,,,,,,,,,
20069743,2026-01-09 22:29:17.543+02,"",Aplicom A11 001,"",80E4DA7EC61B,-57,"",60.323705,22.939734,0101000020E610000074F04C6892F036409D465A2A6F294E40,,,,,,,,,,,
20069744,2026-01-09 22:29:19.082+02,"",Aplicom A11 001,"",80E4DA7EC61B,-66,"",60.323694,22.939808,0101000020E6100000E884D04197F03640AAF413CE6E294E40,,,,,,,,,,,
20069745,2026-01-09 22:29:20.619+02,"",Aplicom A11 001,"",80E4DA7EC61B,-61,"",60.323691,22.939846,0101000020E6100000C34659BF99F036403881E9B46E294E40,,,,,,,,,,,
20069746,2026-01-09 22:29:23.095+02,"",Aplicom A11 001,"",80E4DA7EC61B,-62,"",60.32369,22.939851,0101000020E6100000E71C3C139AF03640680586AC6E294E40,,,,,,,,,,,
20069747,2026-01-09 22:29:24.627+02,"",Aplicom A11 001,"",80E4DA7EC61B,-58,"",60.323688,22.939907,0101000020E61000000F48C2BE9DF03640C70DBF9B6E294E40,,,,,,,,,,,
20069748,2026-01-09 22:29:26.143+02,"",Aplicom A11 001,"",80E4DA7EC61B,-59,"",60.323705,22.939971,0101000020E61000003C3080F0A1F036409D465A2A6F294E40,,,,,,,,,,,
20069749,2026-01-09 22:29:27.673+02,"",Aplicom A11 001,"",80E4DA7EC61B,-51,020106,60.323736,22.940041,0101000020E61000002EE6E786A6F03640D844662E70294E40,,,,,,,,,,,
20069750,2026-01-09 22:29:29.717+02,"",Aplicom A11 001,"",80E4DA7EC61B,-65,"",60.323764,22.940087,0101000020E61000000E65A88AA9F03640A2CF471971294E40,,,,,,,,,,,
20069751,2026-01-09 22:29:31.24+02,"",Aplicom A11 001,"",80E4DA7EC61B,-61,"",60.323861,22.940186,0101000020E610000035289A07B0F0364095B9F94674294E40,,,,,,,,,,,
20069752,2026-01-09 22:29:32.765+02,"",Aplicom A11 001,"",80E4DA7EC61B,-61,"",60.32394,22.940264,0101000020E61000002C9B3924B5F03640E1EEACDD76294E40,,,,,,,,,,,
20069753,2026-01-09 22:29:34.289+02,"",Aplicom A11 001,"",80E4DA7EC61B,-61,"",60.324055,22.940394,0101000020E6100000C95A43A9BDF036407A8D5DA27A294E40,,,,,,,,,,,
20069754,2026-01-09 22:29:35.811+02,"",Aplicom A11 001,"",80E4DA7EC61B,-70,"",60.324116,22.940475,0101000020E6100000A2B437F8C2F036401F0E12A27C294E40,,,,,,,,,,,
20069755,2026-01-09 22:29:37.79+02,"",Aplicom A11 001,"",80E4DA7EC61B,-60,"",60.324214,22.94061,0101000020E6100000624A24D1CBF03640E27327D87F294E40,,,,,,,,,,,
20069756,2026-01-09 22:29:39.32+02,"",Aplicom A11 001,"",80E4DA7EC61B,-60,"",60.324392,22.940863,0101000020E61000003604C765DCF03640C28A53AD85294E40,,,,,,,,,,,
20069757,2026-01-09 22:29:40.852+02,"",Aplicom A11 001,"",80E4DA7EC61B,-67,"",60.324504,22.941027,0101000020E61000002AA73D25E7F03640E9B5D95889294E40,,,,,,,,,,,
20069758,2026-01-09 22:29:42.374+02,"",Aplicom A11 001,"",80E4DA7EC61B,-71,"",60.324623,22.941194,0101000020E610000001310917F2F03640C443183F8D294E40,,,,,,,,,,,
20069759,2026-01-09 22:29:44.65+02,"",Aplicom A11 001,"",80E4DA7EC61B,-64,"",60.324789,22.941439,0101000020E6100000CF2D742502F13640DF8C9AAF92294E40,,,,,,,,,,,
20069760,2026-01-09 22:29:46.753+02,"",Aplicom A11 001,"",80E4DA7EC61B,-58,"",60.324961,22.941693,0101000020E610000044DFDDCA12F13640DCBC715298294E40,,,,,,,,,,,
20069761,2026-01-09 22:29:48.288+02,"",Aplicom A11 001,"",80E4DA7EC61B,-63,"",60.325125,22.941939,0101000020E6100000B3D30FEA22F13640560E2DB29D294E40,,,,,,,,,,,
20069762,2026-01-09 22:29:49.828+02,"",Aplicom A11 001,"",80E4DA7EC61B,-73,"",60.325204,22.942064,0101000020E61000002BBD361B2BF13640A243E048A0294E40,,,,,,,,,,,
20069763,2026-01-09 22:29:51.345+02,"",Aplicom A11 001,"",80E4DA7EC61B,-59,"",60.325355,22.942316,0101000020E61000005F7F129F3BF13640884B8E3BA5294E40,,,,,,,,,,,
20069764,2026-01-09 22:29:53.73+02,"",Aplicom A11 001,"",80E4DA7EC61B,-69,"",60.325425,22.942436,0101000020E6100000B492567C43F136408126C286A7294E40,,,,,,,,,,,
20069765,2026-01-09 22:29:56.772+02,"",Aplicom A11 001,"",80E4DA7EC61B,-58,"",60.325687,22.942838,0101000020E6100000116DC7D45DF13640BEDD921CB0294E40,,,,,,,,,,,
20069766,2026-01-09 22:29:58.299+02,"",Aplicom A11 001,"",80E4DA7EC61B,-66,"",60.325827,22.943008,0101000020E6100000CADDE7F868F13640AF93FAB2B4294E40,,,,,,,,,,,
20069767,2026-01-09 22:29:59.834+02,"",Aplicom A11 001,"",80E4DA7EC61B,-54,"",60.325901,22.943076,0101000020E61000007BA4C16D6DF13640EA5DBC1FB7294E40,,,,,,,,,,,
20069768,2026-01-09 22:30:01.754+02,"",Aplicom A11 001,"",80E4DA7EC61B,-51,"",60.325976,22.943136,0101000020E610000025AE635C71F13640F4A3E194B9294E40,,,,,,,,,,,
20069769,2026-01-09 22:30:04.111+02,"",Aplicom A11 001,"",80E4DA7EC61B,-67,"",60.326182,22.94322,0101000020E6100000E1EEACDD76F136409E45EF54C0294E40,,,,,,,,,,,
20069770,2026-01-09 22:30:05.633+02,"",Aplicom A11 001,"",80E4DA7EC61B,-66,"",60.326402,22.943209,0101000020E6100000F94A202576F13640ACAC6D8AC7294E40,,,,,,,,,,,
20069771,2026-01-09 22:30:07.16+02,"",Aplicom A11 001,"",80E4DA7EC61B,-56,"",60.326541,22.943145,0101000020E6100000CC6262F371F13640CDE67118CC294E40,,,,,,,,,,,
20069772,2026-01-09 22:30:08.688+02,"",Aplicom A11 001,"",80E4DA7EC61B,-73,"",60.326682,22.943041,0101000020E610000082C98D226BF136408F183DB7D0294E40,,,,,,,,,,,
20069773,2026-01-09 22:30:10.84+02,"",Aplicom A11 001,"",80E4DA7EC61B,-60,"",60.326825,22.942896,0101000020E61000007B87DBA161F13640F241CF66D5294E40,,,,,,,,,,,
20069774,2026-01-09 22:30:12.363+02,"",Aplicom A11 001,"",80E4DA7EC61B,-60,"",60.327068,22.942607,0101000020E61000000DFB3DB14EF13640B8C83D5DDD294E40,,,,,,,,,,,
20069775,2026-01-09 22:30:13.879+02,"",Aplicom A11 001,"",80E4DA7EC61B,-58,"",60.327219,22.942415,0101000020E61000008542041C42F136409ED0EB4FE2294E40,,,,,,,,,,,
20069776,2026-01-09 22:30:15.405+02,"",Aplicom A11 001,"",80E4DA7EC61B,-61,"",60.327366,22.942244,0101000020E61000002BDA1CE736F1364042E90B21E7294E40,,,,,,,,,,,
20069777,2026-01-09 22:30:17.756+02,"",Aplicom A11 001,"",80E4DA7EC61B,-69,"",60.327459,22.942136,0101000020E61000005F622CD32FF13640F3E32F2DEA294E40,,,,,,,,,,,
20069778,2026-01-09 22:30:19.288+02,"",Aplicom A11 001,"",80E4DA7EC61B,-76,"",60.327722,22.941874,0101000020E6100000E4F38AA71EF13640011764CBF2294E40,,,,,,,,,,,
