hazard_id,gps_speed_mean,gps_speed_min,accx_5s_mean_mean,accx_5s_min_min,grip_mean,water_layer_thickness_mean,ice_layer_thickness_mean,snow_layer_thickness_mean,black_ice_risk_mean,cluster
18615183.0,0.01748694103152407,0.0,939.6,680.0,0.6844924364173621,0.40516622390663415,0.0,0.0,0.0,1
18615186.0,0.017588122981444704,0.0,928.1025641025642,680.0,0.6840676873449295,0.40750543702216374,0.0,0.0,0.0,1
18615187.0,0.018206947735138625,0.0,917.088888888889,680.0,0.6836294949944339,0.41009451871487634,0.0,0.0,0.0,1
18615189.0,0.018937270072286138,0.0,889.1960784313726,680.0,0.6836174172414861,0.41015342675464256,0.0,0.0,0.0,1
18615192.0,0.03540006319773276,0.0,901.6666666666666,672.0,0.6664910308922394,0.6532777762865718,0.0,0.0,0.0,1
18615194.0,0.056037300171984335,0.0,887.0579710144928,672.0,0.647839344678873,1.0936125624610717,0.0,0.0,0.0,1
18615198.0,0.0710059120137849,0.0,887.0579710144928,672.0,0.6460205655764131,1.0972336397451512,0.0,0.0,0.0,1
18615200.0,0.10090481130858761,0.0,882.0522875816993,672.0,0.6445318408818408,1.0947351638566365,0.0,0.0,0.0,1
18615201.0,0.19289383789021958,0.0,864.297619047619,672.0,0.6395624181941936,1.1023682337058218,0.0,0.0,0.0,1
18615203.0,0.24936223318955592,0.0,801.0777777777778,-340.0,0.6372257684065838,1.105108987803411,0.0,0.0,0.0,0
18615206.0,0.30268408854204754,0.0,742.7708333333334,-348.0,0.6346672954923899,1.1103932782284265,0.0,0.0,0.0,0
18620828.0,4.367586780336333,0.0,-568.0,-568.0,0.5945317152796722,1.0715367121667396,0.0,0.0,0.0,0
18620829.0,4.4928768463402315,0.0,-568.0,-568.0,0.5942368947151231,1.073769384404508,0.0,0.0,0.0,0
18620830.0,4.651212935509737,0.0,-568.0,-568.0,0.5961155828870373,1.0603253940741222,0.0,0.0,0.0,0
18620831.0,4.652567021566091,0.0,-568.0,-568.0,0.5963552052654871,1.0586763609473298,0.0,0.0,0.0,0
18620832.0,5.001412292931675,0.0,-16.0,-568.0,0.5990076294032539,1.040632905393112,0.0,0.0,0.0,0
18620834.0,5.01496046500698,0.0,122.0,-568.0,0.5989892213459475,1.0408527179654823,0.0,0.0,0.0,0
18620835.0,5.535240281327953,0.0,211.42857142857142,-568.0,0.5991851516613146,1.0404128530403463,0.0,0.0,0.0,0
18620836.0,5.6446013589174715,0.0,247.2,-568.0,0.6013015626389303,1.0267955326003793,0.0,0.0,0.0,0
18620837.0,6.07146532992195,0.0,330.6666666666667,-568.0,0.599877408364924,1.0380929966525334,0.0,0.0,0.0,0
18620838.0,6.271738844011998,0.0,330.6666666666667,-568.0,0.5952002071752781,1.0715613517819382,0.0,0.0,0.0,0
18620840.0,6.492118538487896,0.0,330.6666666666667,-568.0,0.5937428481695128,1.0814757063621427,0.0,0.0,0.0,0
18620841.0,6.826658227468313,0.0,330.6666666666667,-568.0,0.5923268817089222,1.0912407018520214,0.0,0.0,0.0,0
18620842.0,6.864947888486496,0.0,330.6666666666667,-568.0,0.5918849232685135,1.0944338247000454,0.0,0.0,0.0,0
18620844.0,7.220175991196548,0.0,330.6666666666667,-568.0,0.589559595032436,1.111237208290798,0.0,0.0,0.0,0
18620845.0,7.264873164523404,0.0,330.6666666666667,-568.0,0.589183640916173,1.1139885805002072,0.0,0.0,0.0,0
18620846.0,7.694090746708535,0.0,330.6666666666667,-568.0,0.5882736190063197,1.1205008400649559,0.0,0.0,0.0,0
18620847.0,7.866757521556023,0.0,330.6666666666667,-568.0,0.5883906579311983,1.1196270320150588,0.0,0.0,0.0,0
18620848.0,7.8116576232347805,0.0,401.39130434782606,-568.0,0.5881521421320298,1.1214983105659484,0.0,0.0,0.0,0
18620849.0,8.080083744543849,0.0,439.1111111111111,-568.0,0.5864521715699172,1.1335323314841201,0.0,0.0,0.0,0
18620850.0,8.116295408529917,0.0,439.1111111111111,-568.0,0.586026445394609,1.1365886010774753,0.0,0.0,0.0,0
18620851.0,8.036991733912737,0.0,439.1111111111111,-568.0,0.5865276855666463,1.1331245870125004,0.0,0.0,0.0,0
18620852.0,7.90633684828518,0.0,439.1111111111111,-568.0,0.5862442434552204,1.1351922118520161,0.0,0.0,0.0,0
18620853.0,8.212052099817338,0.0,741.12,656.0,0.5844443219679373,1.1480137691085721,0.0,0.0,0.0,2
18620855.0,8.218102607904394,0.0,746.6666666666666,656.0,0.5844582289825251,1.147866693543799,0.0,0.0,0.0,2
18620856.0,8.079684971530495,0.0,746.6666666666666,656.0,0.5827258817757233,1.1600179023380521,0.0,0.0,0.0,2
18620857.0,8.062323765114884,0.0,746.6666666666666,656.0,0.5803251706063748,1.1767967738211156,0.0,0.0,0.0,2
18620858.0,7.854274569513636,0.0,746.6666666666666,656.0,0.578503907453723,1.1896135240066341,0.0,0.0,0.0,2
18620859.0,8.025206389271288,0.0,728.0,656.0,0.5785793279424126,1.189003301255497,0.0,0.0,0.0,2
18620860.0,8.099695852981322,0.0,728.0,656.0,0.5780566297931435,1.1927215640927538,0.0,0.0,0.0,2
18620862.0,7.804240322085382,0.0,720.0,656.0,0.5784820176661014,1.1897204212844372,0.0,0.0,0.0,2
18621223.0,8.056398454734886,0.0,519.5294117647059,-984.0,0.5830853559352733,1.15755052993327,0.0,0.0,0.0,0
18621224.0,8.023894123453314,0.0,361.2631578947368,-984.0,0.5836832898634451,1.1535339171503798,0.0,0.0,0.0,0
18621225.0,7.768102617607677,0.0,299.1304347826087,-984.0,0.5858674520327721,1.1385088960329692,0.0,0.0,0.0,0
18621226.0,7.583716425588813,0.0,401.77777777777777,-984.0,0.5873029304713737,1.1284091588927478,0.0,0.0,0.0,0
18621227.0,7.875540573506235,0.0,401.77777777777777,-984.0,0.5903556309640408,1.106677506491542,0.0,0.0,0.0,0
18621228.0,7.8656721650805235,0.0,401.77777777777777,-984.0,0.5913806844361221,1.0987782097315486,0.0,0.0,0.0,0
18621229.0,7.688264637899096,0.0,401.77777777777777,-984.0,0.5972244054079056,1.0568676006048918,0.0,0.0,0.0,0
18621231.0,7.484463668454967,0.0,401.77777777777777,-984.0,0.6000993371009826,1.0376996699720622,0.0,0.0,0.0,0
18621232.0,6.999259190633262,0.0,401.77777777777777,-984.0,0.6031193040311337,1.0151729345321656,0.0,0.0,0.0,0
18621258.0,2.789984113370708,0.0,377.4214285714285,-488.0,0.7126029908657074,0.3636700227449182,0.0,0.0,0.0,0
18621259.0,2.5870196179498883,0.0,307.24375,-488.0,0.7120057535760197,0.3693767567625108,0.0,0.0,0.0,0
18621260.0,2.535687090463374,0.0,218.61379310344827,-488.0,0.7095537833869457,0.38158867979072963,0.0,0.0,0.0,0
18621261.0,2.396152979779204,0.0,247.09032258064516,-488.0,0.714842464029789,0.3623518908018013,0.0,0.0,0.0,0
18621262.0,2.1808056530976825,0.0,332.427027027027,-488.0,0.7165600700550768,0.35603527308172395,0.0,0.0,0.0,0
18621265.0,2.069063686201166,0.0,343.2769230769231,-488.0,0.7157701475675716,0.3568292096078525,0.0,0.0,0.0,0
18621267.0,1.9242251376545463,0.0,424.76170212765953,-488.0,0.7037400116865662,0.42391975289050104,0.0,0.0,0.0,0
18621269.0,1.8758643065017402,0.0,424.76170212765953,-488.0,0.7035144868938402,0.42568944082809507,0.0,0.0,0.0,0
18621270.0,1.752717036442846,0.0,428.91249999999997,-488.0,0.7059274384345131,0.40687464225512726,0.0,0.0,0.0,0
18621272.0,1.705253061247291,0.0,440.38823529411764,-488.0,0.7040824178944934,0.41629550873503,0.0,0.0,0.0,0
18621274.0,1.5338015876818971,0.0,457.56,-488.0,0.6999204882075277,0.4364431898575276,0.0,0.0,0.0,0
18621275.0,1.4514627065800534,0.0,472.91186440677967,-488.0,0.6921778233213858,0.46902671897392295,0.0,0.0,0.0,0
18621278.0,1.3148601300281015,0.0,479.9639344262295,-488.0,0.6856811723925851,0.49698067786944605,0.0,0.0,0.0,0
18621280.0,1.2485550178685405,0.0,486.621164021164,-488.0,0.684581184251742,0.5036165161423427,0.0,0.0,0.0,0
18621281.0,1.074016951504982,0.0,595.8983606557377,-184.0,0.6811676353551028,0.5203501648306219,0.0,0.0,0.0,0
18621283.0,1.0057195142374185,0.0,601.5661538461538,-184.0,0.6784889190034433,0.536103500140598,0.0,0.0,0.0,0
18621285.0,0.9544835981693647,0.0,604.2059701492537,-184.0,0.6779467138377103,0.5403074668746822,0.0,0.0,0.0,0
18621287.0,0.8570180235577844,0.0,612.3460317460318,-184.0,0.672181670638648,0.566115044314012,0.0,0.0,0.0,0
18621289.0,0.7815229605646219,0.0,612.3460317460318,-184.0,0.6699659337942627,0.5758734062854629,0.0,0.0,0.0,0
18621291.0,0.7130907900240608,0.0,612.3460317460318,-184.0,0.6692136593840339,0.5794750961755529,0.0,0.0,0.0,0
18621293.0,0.6386954059759441,0.0,616.6238805970149,-184.0,0.6680513195607855,0.5865526327825868,0.0,0.0,0.0,0
18621296.0,0.6162631774073704,0.0,618.5768115942029,-184.0,0.665776506922711,0.5970103619968112,0.0,0.0,0.0,0
18621297.0,0.512690563026242,0.0,621.5250000000001,-184.0,0.660877037584112,0.6212080170457994,0.0,0.0,0.0,0
18621299.0,0.4466275863230182,0.0,636.1470588235294,-184.0,0.6593896543278414,0.6348784007597714,0.0,0.0,0.0,0
18621301.0,0.3365033445689215,0.0,700.9538461538461,544.0,0.6583528435507486,0.6424617981348664,0.0,0.0,0.0,1
18621302.0,0.27710603091584995,0.0,704.031746031746,544.0,0.6550617807051715,0.6600338040056694,0.0,0.0,0.0,1
18621304.0,0.1643071576951239,0.0,703.5384615384615,544.0,0.6483622417730444,0.6917635909774724,0.0,0.0,0.0,1
18621307.0,0.05594258543890951,0.0,701.5,624.0,0.644034727317531,0.7114768883258831,0.0,0.0,0.0,1
18621308.0,0.02981801811888739,0.0,701.2380952380952,624.0,0.6422266626641864,0.7179356320273309,0.0,0.0,0.0,1
18621309.0,0.024720131812387795,0.0,684.5084745762712,624.0,0.6417319840855069,0.7208283124146638,0.0,0.0,0.0,1
18621310.0,0.02333019520615192,0.0,685.016393442623,624.0,0.6427155644805344,0.7131667549227491,0.0,0.0,0.0,1
18621314.0,0.01828410837414588,0.0,690.3384615384615,684.0,0.6427710499705338,0.712934128394941,0.0,0.0,0.0,1
18621316.0,0.01920333328637754,0.0,690.2686567164179,684.0,0.6429653991887598,0.7114237031818907,0.0,0.0,0.0,1
18621318.0,0.020584680445787894,0.0,691.1186440677966,684.0,0.6425310226134312,0.7148800205301356,0.0,0.0,0.0,1
18621319.0,0.01989400693033703,0.0,691.2786885245902,684.0,0.6424117154545255,0.7158468189062895,0.0,0.0,0.0,1
18621320.0,0.01903260008806865,0.0,691.4461538461538,684.0,0.6429131303304507,0.711817142404156,0.0,0.0,0.0,1
18623386.0,1.1522503363577439,0.0,700.0,700.0,0.7315146614004064,0.31423934006396637,0.0,0.0,0.0,1
18623387.0,1.216100461579236,0.0,700.0,700.0,0.7306114412844181,0.31617437209933996,0.0,0.0,0.0,1
18623388.0,1.4481550155225935,0.0,700.0,700.0,0.7298379216013076,0.31674676294190973,0.0,0.0,0.0,1
18623389.0,1.492832518390803,0.0,700.0,700.0,0.7288371622562408,0.319370432685201,0.0,0.0,0.0,1
18623390.0,1.7323519981476039,0.0,700.0,700.0,0.7269817157225176,0.3232229429889809,0.0,0.0,0.0,1
18623391.0,1.7979853763402278,0.0,700.0,700.0,0.7269417292032486,0.32270001548414046,0.0,0.0,0.0,1
18623392.0,1.8921270945372606,0.0,700.0,700.0,0.7314839858513373,0.30799771526030134,0.0,0.0,0.0,1
18623393.0,1.972399994901571,0.0,700.0,700.0,0.7381164062964288,0.28212181900284794,0.0,0.0,0.0,1
18623394.0,2.18090869289787,0.0,700.0,700.0,0.747415094039379,0.2486717010943744,0.0,0.0,0.0,1
18623395.0,2.3159654582605818,0.0,700.0,680.0,0.7513855931005979,0.23225645070258327,0.0,0.0,0.0,1
18623396.0,2.358837192975803,0.0,700.0,680.0,0.7548635751008987,0.21864157980062848,0.0,0.0,0.0,1
18623397.0,2.446121874724085,0.0,700.0,680.0,0.7596570355327505,0.19703130018407183,0.0,0.0,0.0,1
18623398.0,2.455536631349536,0.0,700.0,680.0,0.7619955237706503,0.18639510121196506,0.0,0.0,0.0,1
18623399.0,2.6563115726115947,0.0,700.0,680.0,0.7661051107080359,0.17204298754222688,0.0,0.0,0.0,1
18623400.0,2.6684443038927226,0.0,700.0,680.0,0.7659619858390406,0.17261169937831397,0.0,0.0,0.0,1
18623401.0,2.7428704706901375,0.0,700.0,680.0,0.7670659327507019,0.16816350329667326,0.0,0.0,0.0,1
18623402.0,2.741254041273059,0.0,700.0,680.0,0.7646882471285368,0.18118371254470392,0.0,0.0,0.0,1
18623403.0,2.7081266844386467,0.0,700.0,680.0,0.7651260224255648,0.1821739581086999,0.0,0.0,0.0,1
18623404.0,2.8442194806175336,0.0,700.0,680.0,0.7685581845672507,0.17073129317233043,0.0,0.0,0.0,1
18623405.0,2.9110759065070146,0.0,700.0,680.0,0.7689790639438128,0.16916581913583761,0.0,0.0,0.0,1
18623406.0,3.0983274583324385,0.0,700.0,680.0,0.7658921623229981,0.1762548318877816,0.0,0.0,0.0,1
18623407.0,3.101202420346589,0.0,700.0,680.0,0.7656717865090621,0.1766490673915924,0.0,0.0,0.0,1
18623408.0,3.1231586149860933,0.0,700.0,680.0,0.7625717826579747,0.1839852963304637,0.0,0.0,0.0,1
18623409.0,3.380213121817023,0.0,700.0,680.0,0.7621538297335306,0.1804015073056022,0.0,0.0,0.0,1
18623410.0,3.4242741681644167,0.0,700.0,680.0,0.7628087147076925,0.17909514773637053,0.0,0.0,0.0,1
18623411.0,3.5529737555057856,0.0,700.0,680.0,0.760004453070752,0.18594525066240652,0.0,0.0,0.0,1
18623412.0,3.6128231672397884,0.0,700.0,680.0,0.7568919321424082,0.19460732165086816,0.0,0.0,0.0,1
18623413.0,3.7155220272269074,0.0,700.0,680.0,0.7553546054240985,0.1987693251397174,0.0,0.0,0.0,1
18623414.0,3.8375022538883994,0.0,700.0,680.0,0.7540127758855943,0.20309888589643424,0.0,0.0,0.0,1
18623415.0,4.330524135464413,0.0,700.0,680.0,0.7532578790799166,0.2035962127220745,0.0,0.0,0.0,1
18623416.0,4.5465341369611725,0.0,700.0,680.0,0.7530023206638384,0.20411858956412043,0.0,0.0,0.0,1
18623417.0,4.773714765724782,0.0,700.0,680.0,0.7525054089725017,0.20495708569651466,0.0,0.0,0.0,1
18623418.0,4.996019840921772,0.0,684.0,684.0,0.7518761463654346,0.20652241465181873,0.0,0.0,0.0,1
18623419.0,5.175167154423393,0.0,684.0,684.0,0.7535792425274849,0.20135935428552326,0.0,0.0,0.0,1
18623420.0,5.759174591142127,0.0,684.0,684.0,0.7565610021352768,0.19402086129412052,0.0,0.0,0.0,1
18623421.0,5.900325254886407,0.0,684.0,684.0,0.7581155367195607,0.19080478455871341,0.0,0.0,0.0,1
18623422.0,6.157790838005721,0.0,684.0,684.0,0.7592637211084365,0.1885681942105293,0.0,0.0,0.0,1
18628868.0,0.0470175369432154,0.0,700.0,680.0,0.8199999928474426,0.0,0.0,0.0,0.0,1
18628869.0,0.04547807186759763,0.0,700.0,680.0,0.8199999928474426,0.0,0.0,0.0,0.0,1
18628870.0,0.04279494445359134,0.0,700.0,680.0,0.8199999928474426,0.0,0.0,0.0,0.0,1
18628871.0,0.039472549021449276,0.0,700.0,680.0,0.8199999928474426,0.0,0.0,0.0,0.0,1
18628872.0,0.039472548730084336,0.0,700.0,680.0,0.8199999928474426,0.0,0.0,0.0,0.0,1
18628873.0,0.04035801017378178,0.0,700.0,680.0,0.8199999928474426,0.0,0.0,0.0,0.0,1
18628874.0,0.04086248530095406,0.0,700.0,680.0,0.8199999928474426,0.0,0.0,0.0,0.0,1
18628875.0,0.041028244778274506,0.0,700.0,680.0,0.8199999928474426,0.0,0.0,0.0,0.0,1
18628876.0,0.03963830818972171,0.0,700.0,680.0,0.8199999928474426,0.0,0.0,0.0,0.0,1
18628877.0,0.041547589457761776,0.0,700.0,680.0,0.8199999928474426,0.0,0.0,0.0,0.0,1
18628878.0,0.04171942010612782,0.0,700.0,680.0,0.8199999928474426,0.0,0.0,0.0,0.0,1
18628879.0,0.04050673961331197,0.0,700.0,680.0,0.8199999928474426,0.0,0.0,0.0,0.0,1
18628880.0,0.04031431285582172,0.0,700.0,680.0,0.8199999928474426,0.0,0.0,0.0,0.0,1
18628881.0,0.03363780984773518,0.0,700.0,680.0,0.8199999928474426,0.0,0.0,0.0,0.0,1
18628882.0,0.03094839800089352,0.0,700.0,680.0,0.8199999928474426,0.0,0.0,0.0,0.0,1
18628883.0,0.028729265384067438,0.0,700.0,680.0,0.8199999928474426,0.0,0.0,0.0,0.0,1
18628884.0,0.026938783298130414,0.0,700.0,680.0,0.8199999928474426,0.0,0.0,0.0,0.0,1
18628885.0,0.02762935407240382,0.0,700.0,680.0,0.8199999928474426,0.0,0.0,0.0,0.0,1
18628886.0,0.032764808996044364,0.0,700.0,680.0,0.8199999928474426,0.0,0.0,0.0,0.0,1
18628887.0,0.03568156768211192,0.0,700.0,680.0,0.8199999928474426,0.0,0.0,0.0,0.0,1
18628888.0,0.03769086890925261,0.0,700.0,680.0,0.8199999928474426,0.0,0.0,0.0,0.0,1
18628889.0,0.040018609997495576,0.0,700.0,680.0,0.8199999928474426,0.0,0.0,0.0,0.0,1
18628890.0,0.04378172463777456,0.0,700.0,680.0,0.8199999928474426,0.0,0.0,0.0,0.0,1
18628891.0,0.04996296656193401,0.0,700.0,680.0,0.8199999928474426,0.0,0.0,0.0,0.0,1
18628892.0,0.0771877469186555,0.0,700.0,680.0,0.8199999928474426,0.0,0.0,0.0,0.0,1
18628893.0,0.13081667020103083,0.0,700.0,680.0,0.8199999928474426,0.0,0.0,0.0,0.0,1
18628894.0,0.17958780854688572,0.0,700.0,680.0,0.8199840529662806,0.0003292978082488219,0.0,0.0,0.0,1
18628895.0,0.2804860028882415,0.0,700.0,680.0,0.8142776765474459,0.023327684575101225,0.0,0.0,0.0,1
18628896.0,0.361843738118947,0.0,700.0,680.0,0.8071693375886205,0.04961823227714343,0.0,0.0,0.0,1
18628897.0,0.6353036325808742,0.0,700.0,680.0,0.7954736948013306,0.09282109245839643,0.0,0.0,0.0,1
18641396.0,2.9425421675676695,0.0,700.0,680.0,0.8199999928474426,0.0,0.0,0.0,0.0,1
18641397.0,2.7785723136950864,0.0,700.0,680.0,0.8168823891375439,0.009261436401361442,0.0,0.0,0.0,1
18641398.0,2.7859183074696907,0.0,700.0,680.0,0.8162563087009802,0.011245861922095462,0.0,0.0,0.0,1
18641399.0,2.5830313223130914,0.0,700.0,680.0,0.8161124296486377,0.012343866867013274,0.0,0.0,0.0,1
18641400.0,2.5926244149393423,0.0,700.0,680.0,0.8162975517057237,0.011862567725724405,0.0,0.0,0.0,1
18641401.0,2.6911653010149927,0.0,700.0,680.0,0.8161604242560304,0.01230192208593642,0.0,0.0,0.0,1
18641402.0,2.6701512210034783,0.0,700.0,680.0,0.8162529439811247,0.012005490228443976,0.0,0.0,0.0,1
18641403.0,2.7084334073165506,0.0,700.0,680.0,0.8162027052262935,0.012374361673165564,0.0,0.0,0.0,1
18641404.0,2.7241754121268174,0.0,700.0,680.0,0.8161858349311643,0.013137223338140396,0.0,0.0,0.0,1
18641405.0,2.7355023176943467,0.0,700.0,680.0,0.8161126585995279,0.01396937281313556,0.0,0.0,0.0,1
18641406.0,2.7752205819859905,0.0,700.0,680.0,0.816155654120158,0.014042307014004824,0.0,0.0,0.0,1
18641407.0,2.7856785133988042,0.0,700.0,680.0,0.816155654120158,0.014090235723766028,0.0,0.0,0.0,1
18641408.0,2.8478737972071473,0.0,700.0,680.0,0.816108771940557,0.014262067866738785,0.0,0.0,0.0,1
18641409.0,2.828606242577179,0.0,700.0,680.0,0.816108771940557,0.014262067866738785,0.0,0.0,0.0,1
18641410.0,2.8552353353928313,0.0,700.0,680.0,0.816108771940557,0.014262067866738785,0.0,0.0,0.0,1
18641411.0,2.845541720173585,0.0,700.0,680.0,0.8161442610154669,0.014370752708896624,0.0,0.0,0.0,1
18641412.0,2.9230218555110223,0.0,700.0,680.0,0.8160972398955647,0.014546005790712437,0.0,0.0,0.0,1
18641413.0,2.8980982019364245,0.0,700.0,680.0,0.8160972398955647,0.014546005790712437,0.0,0.0,0.0,1
18641414.0,2.8684596447264017,0.0,700.0,680.0,0.8160972398955647,0.014546005790712437,0.0,0.0,0.0,1
18641415.0,2.8798201818111258,0.0,700.0,680.0,0.8160962200746303,0.014686847557086578,0.0,0.0,0.0,1
18641416.0,2.8176460632446245,0.0,700.0,680.0,0.8160802721977234,0.01541539047934473,0.0,0.0,0.0,1
18641417.0,2.8474535712555364,0.0,700.0,680.0,0.8160323144459143,0.015752205341236607,0.0,0.0,0.0,1
18641418.0,2.841038342446307,0.0,700.0,680.0,0.8160323144459143,0.015752205341236607,0.0,0.0,0.0,1
18641419.0,2.806323156071151,0.0,700.0,680.0,0.8160293821881457,0.01592449867734457,0.0,0.0,0.0,1
18641420.0,2.731619781198015,0.0,700.0,680.0,0.8150449610618223,0.021287937828126425,0.0,0.0,0.0,1
18641421.0,2.770364774155652,0.0,700.0,680.0,0.8171832355452172,0.015630020943964686,0.0,0.0,0.0,1
18641422.0,2.813221601592037,0.0,700.0,680.0,0.8171119252337685,0.016025717676723287,0.0,0.0,0.0,1
18641783.0,1.921595361507242,0.0,708.0,708.0,0.813810027954055,0.028325334461065128,0.0,0.0,0.0,1
18641784.0,1.770763661198743,0.0,708.0,708.0,0.8136690418894698,0.029892372237177684,0.0,0.0,0.0,1
19073454.0,7.3948871320612675,0.0,604.0,604.0,0.5992362363102995,0.31646056752062485,0.0,0.0,0.0,1
19073455.0,7.3948871320612675,0.0,604.0,604.0,0.5992362363102995,0.31646056752062485,0.0,0.0,0.0,1
19073456.0,7.3948871320612675,0.0,604.0,604.0,0.5992362363102995,0.31646056752062485,0.0,0.0,0.0,1
19073457.0,7.3948871320612675,0.0,604.0,604.0,0.5992362363102995,0.31646056752062485,0.0,0.0,0.0,1
19073458.0,7.3948871320612675,0.0,604.0,604.0,0.5992362363102995,0.31646056752062485,0.0,0.0,0.0,1
19073459.0,7.3948871320612675,0.0,604.0,604.0,0.5992362363102995,0.31646056752062485,0.0,0.0,0.0,1
19073460.0,7.3948871320612675,0.0,604.0,604.0,0.5992362363102995,0.31646056752062485,0.0,0.0,0.0,1
19073461.0,7.3948871320612675,0.0,604.0,604.0,0.5992362363102995,0.31646056752062485,0.0,0.0,0.0,1
19073462.0,7.3948871320612675,0.0,604.0,604.0,0.5992362363102995,0.31646056752062485,0.0,0.0,0.0,1
19073503.0,7.3948871320612675,0.0,604.0,604.0,0.5992362363102995,0.31646056752062485,0.0,0.0,0.0,1
19073504.0,7.3948871320612675,0.0,604.0,604.0,0.5992362363102995,0.31646056752062485,0.0,0.0,0.0,1
19073505.0,7.3948871320612675,0.0,604.0,604.0,0.5992362363102995,0.31646056752062485,0.0,0.0,0.0,1
19073506.0,7.3948871320612675,0.0,604.0,604.0,0.5992362363102995,0.31646056752062485,0.0,0.0,0.0,1
19073507.0,7.3948871320612675,0.0,604.0,604.0,0.5992362363102995,0.31646056752062485,0.0,0.0,0.0,1
19073508.0,7.3948871320612675,0.0,604.0,604.0,0.5992362363102995,0.31646056752062485,0.0,0.0,0.0,1
19073509.0,7.3948871320612675,0.0,700.0,680.0,0.5992362363102995,0.31646056752062485,0.0,0.0,0.0,1
19073510.0,7.3948871320612675,0.0,700.0,680.0,0.5992362363102995,0.31646056752062485,0.0,0.0,0.0,1
19073511.0,7.3948871320612675,0.0,700.0,680.0,0.5992362363102995,0.31646056752062485,0.0,0.0,0.0,1
19073512.0,7.3948871320612675,0.0,700.0,680.0,0.5992362363102995,0.31646056752062485,0.0,0.0,0.0,1
19073513.0,7.3948871320612675,0.0,700.0,680.0,0.5992362363102995,0.31646056752062485,0.0,0.0,0.0,1
19073514.0,7.3948871320612675,0.0,704.0,704.0,0.5992362363102995,0.31646056752062485,0.0,0.0,0.0,1
19073515.0,7.3948871320612675,0.0,704.0,704.0,0.5992362363102995,0.31646056752062485,0.0,0.0,0.0,1
19073516.0,7.3948871320612675,0.0,704.0,704.0,0.5992362363102995,0.31646056752062485,0.0,0.0,0.0,1
19073517.0,7.3948871320612675,0.0,704.0,704.0,0.5992362363102995,0.31646056752062485,0.0,0.0,0.0,1
19073518.0,7.3948871320612675,0.0,704.0,704.0,0.5992362363102995,0.31646056752062485,0.0,0.0,0.0,1
19073519.0,7.3948871320612675,0.0,704.0,704.0,0.5992362363102995,0.31646056752062485,0.0,0.0,0.0,1
19073521.0,7.3948871320612675,0.0,704.0,704.0,0.5992362363102995,0.31646056752062485,0.0,0.0,0.0,1
19073523.0,7.3948871320612675,0.0,704.0,704.0,0.5992362363102995,0.31646056752062485,0.0,0.0,0.0,1
19073524.0,7.3948871320612675,0.0,704.0,704.0,0.5992362363102995,0.31646056752062485,0.0,0.0,0.0,1
19073525.0,7.3948871320612675,0.0,704.0,704.0,0.5992362363102995,0.31646056752062485,0.0,0.0,0.0,1
19073526.0,7.3948871320612675,0.0,704.0,704.0,0.5992362363102995,0.31646056752062485,0.0,0.0,0.0,1
19073527.0,7.3948871320612675,0.0,704.0,704.0,0.5992362363102995,0.31646056752062485,0.0,0.0,0.0,1
19073528.0,7.3948871320612675,0.0,704.0,704.0,0.5992362363102995,0.31646056752062485,0.0,0.0,0.0,1
19073529.0,7.3948871320612675,0.0,704.0,704.0,0.5992362363102995,0.31646056752062485,0.0,0.0,0.0,1
19073530.0,7.3948871320612675,0.0,704.0,704.0,0.5992362363102995,0.31646056752062485,0.0,0.0,0.0,1
19073531.0,7.3948871320612675,0.0,704.0,704.0,0.5992362363102995,0.31646056752062485,0.0,0.0,0.0,1
19073532.0,7.3948871320612675,0.0,704.0,704.0,0.5992362363102995,0.31646056752062485,0.0,0.0,0.0,1
19073533.0,7.3948871320612675,0.0,704.0,704.0,0.5992362363102995,0.31646056752062485,0.0,0.0,0.0,1
19073534.0,7.3948871320612675,0.0,704.0,704.0,0.5992362363102995,0.31646056752062485,0.0,0.0,0.0,1
19073535.0,7.3948871320612675,0.0,704.0,704.0,0.5992362363102995,0.31646056752062485,0.0,0.0,0.0,1
19073536.0,7.3948871320612675,0.0,704.0,704.0,0.5992362363102995,0.31646056752062485,0.0,0.0,0.0,1
19073537.0,7.3948871320612675,0.0,704.0,704.0,0.5992362363102995,0.31646056752062485,0.0,0.0,0.0,1
19073538.0,7.3948871320612675,0.0,704.0,704.0,0.5992362363102995,0.31646056752062485,0.0,0.0,0.0,1
19073539.0,7.3948871320612675,0.0,704.0,704.0,0.5992362363102995,0.31646056752062485,0.0,0.0,0.0,1
19073540.0,7.3948871320612675,0.0,704.0,704.0,0.5992362363102995,0.31646056752062485,0.0,0.0,0.0,1
19073541.0,7.3948871320612675,0.0,704.0,704.0,0.5992362363102995,0.31646056752062485,0.0,0.0,0.0,1
19073542.0,7.3948871320612675,0.0,700.0,680.0,0.5992362363102995,0.31646056752062485,0.0,0.0,0.0,1
19073543.0,7.3948871320612675,0.0,700.0,680.0,0.5992362363102995,0.31646056752062485,0.0,0.0,0.0,1
19073544.0,7.3948871320612675,0.0,700.0,680.0,0.5992362363102995,0.31646056752062485,0.0,0.0,0.0,1
19073545.0,7.3948871320612675,0.0,700.0,680.0,0.5992362363102995,0.31646056752062485,0.0,0.0,0.0,1
19073546.0,7.3948871320612675,0.0,700.0,680.0,0.5992362363102995,0.31646056752062485,0.0,0.0,0.0,1
19073547.0,7.3948871320612675,0.0,700.0,680.0,0.5992362363102995,0.31646056752062485,0.0,0.0,0.0,1
19073548.0,7.3948871320612675,0.0,700.0,680.0,0.5992362363102995,0.31646056752062485,0.0,0.0,0.0,1
19073549.0,7.3948871320612675,0.0,700.0,680.0,0.5992362363102995,0.31646056752062485,0.0,0.0,0.0,1
19073550.0,7.3948871320612675,0.0,700.0,680.0,0.5992362363102995,0.31646056752062485,0.0,0.0,0.0,1
19073551.0,7.3948871320612675,0.0,700.0,680.0,0.5992362363102995,0.31646056752062485,0.0,0.0,0.0,1
19073552.0,7.3948871320612675,0.0,700.0,680.0,0.5992362363102995,0.31646056752062485,0.0,0.0,0.0,1
19073553.0,7.3948871320612675,0.0,700.0,680.0,0.5992362363102995,0.31646056752062485,0.0,0.0,0.0,1
19073554.0,7.3948871320612675,0.0,700.0,680.0,0.5992362363102995,0.31646056752062485,0.0,0.0,0.0,1
19073555.0,7.3948871320612675,0.0,700.0,680.0,0.5992362363102995,0.31646056752062485,0.0,0.0,0.0,1
19073556.0,7.3948871320612675,0.0,700.0,680.0,0.5992362363102995,0.31646056752062485,0.0,0.0,0.0,1
19073557.0,7.3948871320612675,0.0,700.0,680.0,0.5992362363102995,0.31646056752062485,0.0,0.0,0.0,1
19073558.0,7.3948871320612675,0.0,700.0,680.0,0.5992362363102995,0.31646056752062485,0.0,0.0,0.0,1
19073559.0,7.3948871320612675,0.0,700.0,680.0,0.5992362363102995,0.31646056752062485,0.0,0.0,0.0,1
19073560.0,7.3948871320612675,0.0,700.0,680.0,0.5992362363102995,0.31646056752062485,0.0,0.0,0.0,1
19073561.0,7.3948871320612675,0.0,700.0,680.0,0.5992362363102995,0.31646056752062485,0.0,0.0,0.0,1
19073562.0,7.3948871320612675,0.0,700.0,680.0,0.5992362363102995,0.31646056752062485,0.0,0.0,0.0,1
19073563.0,7.3948871320612675,0.0,700.0,680.0,0.5992362363102995,0.31646056752062485,0.0,0.0,0.0,1
19073564.0,7.3948871320612675,0.0,700.0,680.0,0.5992362363102995,0.31646056752062485,0.0,0.0,0.0,1
19073565.0,7.3948871320612675,0.0,700.0,680.0,0.5992362363102995,0.31646056752062485,0.0,0.0,0.0,1
19073566.0,7.3948871320612675,0.0,856.0,856.0,0.5992362363102995,0.31646056752062485,0.0,0.0,0.0,1
19073567.0,7.3948871320612675,0.0,856.0,856.0,0.5992362363102995,0.31646056752062485,0.0,0.0,0.0,1
19073568.0,7.3948871320612675,0.0,856.0,856.0,0.5992362363102995,0.31646056752062485,0.0,0.0,0.0,1
19073569.0,7.3948871320612675,0.0,856.0,856.0,0.5992362363102995,0.31646056752062485,0.0,0.0,0.0,1
19073570.0,7.3948871320612675,0.0,856.0,856.0,0.5992362363102995,0.31646056752062485,0.0,0.0,0.0,1
19073571.0,7.3948871320612675,0.0,856.0,856.0,0.5992362363102995,0.31646056752062485,0.0,0.0,0.0,1
19073572.0,7.3948871320612675,0.0,856.0,856.0,0.5992362363102995,0.31646056752062485,0.0,0.0,0.0,1
19073574.0,7.3948871320612675,0.0,856.0,856.0,0.5992362363102995,0.31646056752062485,0.0,0.0,0.0,1
19073576.0,7.3948871320612675,0.0,856.0,856.0,0.5992362363102995,0.31646056752062485,0.0,0.0,0.0,1
19073577.0,7.3948871320612675,0.0,856.0,856.0,0.5992362363102995,0.31646056752062485,0.0,0.0,0.0,1
19073578.0,7.3948871320612675,0.0,856.0,856.0,0.5992362363102995,0.31646056752062485,0.0,0.0,0.0,1
19073579.0,7.3948871320612675,0.0,856.0,856.0,0.5992362363102995,0.31646056752062485,0.0,0.0,0.0,1
19073580.0,7.3948871320612675,0.0,856.0,856.0,0.5992362363102995,0.31646056752062485,0.0,0.0,0.0,1
19073581.0,7.3948871320612675,0.0,856.0,856.0,0.5992362363102995,0.31646056752062485,0.0,0.0,0.0,1
19073582.0,7.3948871320612675,0.0,856.0,856.0,0.5992362363102995,0.31646056752062485,0.0,0.0,0.0,1
19073583.0,7.3948871320612675,0.0,856.0,856.0,0.5992362363102995,0.31646056752062485,0.0,0.0,0.0,1
19073584.0,7.3948871320612675,0.0,856.0,856.0,0.5992362363102995,0.31646056752062485,0.0,0.0,0.0,1
19073585.0,7.3948871320612675,0.0,856.0,856.0,0.5992362363102995,0.31646056752062485,0.0,0.0,0.0,1
19073586.0,7.3948871320612675,0.0,856.0,856.0,0.5992362363102995,0.31646056752062485,0.0,0.0,0.0,1
19073587.0,7.3948871320612675,0.0,856.0,856.0,0.5992362363102995,0.31646056752062485,0.0,0.0,0.0,1
19073588.0,7.3948871320612675,0.0,856.0,856.0,0.5992362363102995,0.31646056752062485,0.0,0.0,0.0,1
19073589.0,7.3948871320612675,0.0,856.0,856.0,0.5992362363102995,0.31646056752062485,0.0,0.0,0.0,1
19073590.0,7.3948871320612675,0.0,856.0,856.0,0.5992362363102995,0.31646056752062485,0.0,0.0,0.0,1
19073591.0,7.3948871320612675,0.0,856.0,856.0,0.5992362363102995,0.31646056752062485,0.0,0.0,0.0,1
19073592.0,7.3948871320612675,0.0,700.0,680.0,0.5992362363102995,0.31646056752062485,0.0,0.0,0.0,1
19073593.0,7.3948871320612675,0.0,700.0,680.0,0.5992362363102995,0.31646056752062485,0.0,0.0,0.0,1
19073594.0,7.3948871320612675,0.0,700.0,680.0,0.5992362363102995,0.31646056752062485,0.0,0.0,0.0,1
19073595.0,7.3948871320612675,0.0,812.0,812.0,0.5992362363102995,0.31646056752062485,0.0,0.0,0.0,1
19073596.0,7.3948871320612675,0.0,807.0,792.0,0.5992362363102995,0.31646056752062485,0.0,0.0,0.0,1
19073597.0,7.3948871320612675,0.0,805.3333333333334,792.0,0.5992362363102995,0.31646056752062485,0.0,0.0,0.0,1
19073598.0,7.3948871320612675,0.0,804.5,792.0,0.5992362363102995,0.31646056752062485,0.0,0.0,0.0,1
19073599.0,7.3948871320612675,0.0,804.0,792.0,0.5992362363102995,0.31646056752062485,0.0,0.0,0.0,1
19073600.0,7.3948871320612675,0.0,802.0,792.0,0.5992362363102995,0.31646056752062485,0.0,0.0,0.0,1
19073601.0,7.3948871320612675,0.0,802.0,792.0,0.5992362363102995,0.31646056752062485,0.0,0.0,0.0,1
19073603.0,7.3948871320612675,0.0,802.0,792.0,0.5992362363102995,0.31646056752062485,0.0,0.0,0.0,1
19073605.0,7.3948871320612675,0.0,802.0,792.0,0.5992362363102995,0.31646056752062485,0.0,0.0,0.0,1
19073606.0,7.3948871320612675,0.0,802.0,792.0,0.5992362363102995,0.31646056752062485,0.0,0.0,0.0,1
19073607.0,7.3948871320612675,0.0,802.0,792.0,0.5992362363102995,0.31646056752062485,0.0,0.0,0.0,1
19073608.0,7.3948871320612675,0.0,802.0,792.0,0.5992362363102995,0.31646056752062485,0.0,0.0,0.0,1
19073609.0,7.3948871320612675,0.0,802.0,792.0,0.5992362363102995,0.31646056752062485,0.0,0.0,0.0,1
19073610.0,7.3948871320612675,0.0,802.0,792.0,0.5992362363102995,0.31646056752062485,0.0,0.0,0.0,1
19073611.0,7.3948871320612675,0.0,802.0,792.0,0.5992362363102995,0.31646056752062485,0.0,0.0,0.0,1
19073612.0,7.3948871320612675,0.0,802.0,792.0,0.5992362363102995,0.31646056752062485,0.0,0.0,0.0,1
19073613.0,7.3948871320612675,0.0,802.0,792.0,0.5992362363102995,0.31646056752062485,0.0,0.0,0.0,1
19073614.0,7.3948871320612675,0.0,786.8571428571429,696.0,0.5992362363102995,0.31646056752062485,0.0,0.0,0.0,1
19073615.0,7.3948871320612675,0.0,775.5,696.0,0.5992362363102995,0.31646056752062485,0.0,0.0,0.0,1
19073616.0,7.3948871320612675,0.0,775.5,696.0,0.5992362363102995,0.31646056752062485,0.0,0.0,0.0,1
19073617.0,7.3948871320612675,0.0,775.5,696.0,0.5992362363102995,0.31646056752062485,0.0,0.0,0.0,1
19073618.0,7.3948871320612675,0.0,775.5,696.0,0.5992362363102995,0.31646056752062485,0.0,0.0,0.0,1
19073619.0,7.3948871320612675,0.0,775.5,696.0,0.5992362363102995,0.31646056752062485,0.0,0.0,0.0,1
19073620.0,7.3948871320612675,0.0,775.5,696.0,0.5992362363102995,0.31646056752062485,0.0,0.0,0.0,1
19073622.0,7.3948871320612675,0.0,775.5,696.0,0.5992362363102995,0.31646056752062485,0.0,0.0,0.0,1
19074103.0,7.3948871320612675,0.0,700.0,680.0,0.5992362363102995,0.31646056752062485,0.0,0.0,0.0,1
19074104.0,7.3948871320612675,0.0,700.0,680.0,0.5992362363102995,0.31646056752062485,0.0,0.0,0.0,1
19074105.0,7.3948871320612675,0.0,700.0,680.0,0.5992362363102995,0.31646056752062485,0.0,0.0,0.0,1
19074106.0,7.3948871320612675,0.0,700.0,680.0,0.5992362363102995,0.31646056752062485,0.0,0.0,0.0,1
19074107.0,7.3948871320612675,0.0,680.0,680.0,0.5992362363102995,0.31646056752062485,0.0,0.0,0.0,1
19074108.0,7.3948871320612675,0.0,680.0,680.0,0.5992362363102995,0.31646056752062485,0.0,0.0,0.0,1
19074109.0,7.3948871320612675,0.0,680.0,680.0,0.5992362363102995,0.31646056752062485,0.0,0.0,0.0,1
19074110.0,7.3948871320612675,0.0,680.0,680.0,0.5992362363102995,0.31646056752062485,0.0,0.0,0.0,1
19074111.0,7.3948871320612675,0.0,680.0,680.0,0.5992362363102995,0.31646056752062485,0.0,0.0,0.0,1
19074112.0,7.3948871320612675,0.0,680.0,680.0,0.5992362363102995,0.31646056752062485,0.0,0.0,0.0,1
19074114.0,7.3948871320612675,0.0,680.0,680.0,0.5992362363102995,0.31646056752062485,0.0,0.0,0.0,1
19074115.0,7.3948871320612675,0.0,680.0,680.0,0.5992362363102995,0.31646056752062485,0.0,0.0,0.0,1
19074116.0,7.3948871320612675,0.0,680.0,680.0,0.5992362363102995,0.31646056752062485,0.0,0.0,0.0,1
19074117.0,7.3948871320612675,0.0,680.0,680.0,0.5992362363102995,0.31646056752062485,0.0,0.0,0.0,1
19074118.0,7.3948871320612675,0.0,680.0,680.0,0.5992362363102995,0.31646056752062485,0.0,0.0,0.0,1
19074119.0,7.3948871320612675,0.0,680.0,680.0,0.5992362363102995,0.31646056752062485,0.0,0.0,0.0,1
19074120.0,7.3948871320612675,0.0,680.0,680.0,0.5992362363102995,0.31646056752062485,0.0,0.0,0.0,1
19074121.0,7.3948871320612675,0.0,680.0,680.0,0.5992362363102995,0.31646056752062485,0.0,0.0,0.0,1
19074122.0,7.3948871320612675,0.0,674.0,644.0,0.5992362363102995,0.31646056752062485,0.0,0.0,0.0,1
19074123.0,7.3948871320612675,0.0,674.0,644.0,0.5992362363102995,0.31646056752062485,0.0,0.0,0.0,1
19074124.0,7.3948871320612675,0.0,669.7142857142857,644.0,0.5992362363102995,0.31646056752062485,0.0,0.0,0.0,1
19074125.0,7.3948871320612675,0.0,669.7142857142857,644.0,0.5992362363102995,0.31646056752062485,0.0,0.0,0.0,1
19074126.0,7.3948871320612675,0.0,669.7142857142857,644.0,0.5992362363102995,0.31646056752062485,0.0,0.0,0.0,1
19074128.0,7.3948871320612675,0.0,669.7142857142857,644.0,0.5992362363102995,0.31646056752062485,0.0,0.0,0.0,1
19074129.0,7.3948871320612675,0.0,669.7142857142857,644.0,0.5992362363102995,0.31646056752062485,0.0,0.0,0.0,1
19102042.0,7.981685513293409,0.0,1032.0,1032.0,0.8171538544606559,0.014744127555706088,0.0,0.0,0.0,1
19102044.0,8.022577679829157,0.0,1032.0,1032.0,0.8171768988235087,0.014344235278350652,0.0,0.0,0.0,1
19102045.0,7.784233532987459,0.0,1032.0,1032.0,0.8180584825575352,0.011043944195625943,0.0,0.0,0.0,1
19102046.0,8.06280700478304,0.0,1032.0,1032.0,0.8188684258279921,0.006831955197458794,0.0,0.0,0.0,1
19102047.0,8.08042018598313,0.0,1032.0,1032.0,0.8196238483054729,0.003796170557380492,0.0,0.0,0.0,1
19102048.0,7.923448122153388,0.0,1032.0,1032.0,0.8195227550554879,0.004613712736879927,0.0,0.0,0.0,1
19102049.0,7.9084691780879375,0.0,1032.0,1032.0,0.8195227550554879,0.004613712736879927,0.0,0.0,0.0,1
19102050.0,7.857339605482664,0.0,1032.0,1032.0,0.8195287205278874,0.004556041327668928,0.0,0.0,0.0,1
19102051.0,7.823080041253367,0.0,1032.0,1032.0,0.8195287205278874,0.004556041327668928,0.0,0.0,0.0,1
19102052.0,7.756143340799676,0.0,1032.0,1032.0,0.8195287205278874,0.004556041327668928,0.0,0.0,0.0,1
19102053.0,7.591747401115519,0.0,1032.0,1032.0,0.8195287205278874,0.004556041327668928,0.0,0.0,0.0,1
19102054.0,7.29971714314675,0.0,1032.0,1032.0,0.8153574496507645,0.01973616725335886,0.0,0.0,0.0,1
19102055.0,7.163634195092182,0.0,1032.0,1032.0,0.8082538865506649,0.042020022287033484,0.0,0.0,0.0,1
19102056.0,6.754075891568597,0.0,1032.0,1032.0,0.808103659003973,0.043391073925886293,0.0,0.0,0.0,1
19102057.0,6.131449594368516,0.0,1032.0,1032.0,0.8070170783702239,0.04662985707644694,0.0,0.0,0.0,1
19102058.0,5.933892967946815,0.0,1032.0,1032.0,0.8027910083532334,0.05812501696636899,0.0,0.0,0.0,1
19102059.0,5.635765430750299,0.0,700.0,680.0,0.7995813956743554,0.06699124972418516,0.0,0.0,0.0,1
19102060.0,5.197053048655508,0.0,700.0,680.0,0.7980349943041801,0.07283169230213386,0.0,0.0,0.0,1
19102061.0,4.772739896330966,0.0,700.0,680.0,0.7960642215646343,0.07796106676076663,0.0,0.0,0.0,1
19102062.0,4.2972205575279485,0.0,700.0,680.0,0.7949993364512921,0.08197596004392833,0.0,0.0,0.0,1
19102103.0,2.2051264045177636,0.0,700.0,680.0,0.78125651627779,0.12240294894363613,0.0,0.0,0.0,1
19102104.0,1.902806428310251,0.0,700.0,680.0,0.778665517270565,0.12894166250407577,0.0,0.0,0.0,1
19102105.0,1.5048627160082213,0.0,700.0,680.0,0.7759344239293793,0.13654438294628402,0.0,0.0,0.0,1
19102106.0,1.2355356770771813,0.0,700.0,680.0,0.7720642544329166,0.14764977235972762,0.0,0.0,0.0,1
19102107.0,0.7921332755802418,0.0,700.0,680.0,0.7674822479486465,0.16096592162430165,0.0,0.0,0.0,1
19102108.0,0.6885990109582003,0.0,700.0,680.0,0.7660018920898437,0.165311154617666,0.0,0.0,0.0,1
19102109.0,0.5139210316275881,0.0,700.0,680.0,0.7627990011927448,0.17452660512954252,0.0,0.0,0.0,1
19102110.0,0.3360173237510961,0.0,700.0,680.0,0.7594015456736087,0.18230273373119413,0.0,0.0,0.0,1
19102111.0,0.1026233596135651,0.0,700.0,680.0,0.7636536210775375,0.1666156448765832,0.0,0.0,0.0,1
19102112.0,0.05137806050223654,0.0,700.0,680.0,0.7645788639783859,0.16331131405822813,0.0,0.0,0.0,1
19102113.0,0.05913901278039994,0.0,700.0,680.0,0.765388352635466,0.16031709404153469,0.0,0.0,0.0,1
19102114.0,0.1811295002675783,0.0,700.0,680.0,0.7704499260878858,0.14714559685240533,0.0,0.0,0.0,1
19102115.0,0.22726194782835454,0.0,700.0,680.0,0.7726304899027319,0.1413729215913199,0.0,0.0,0.0,1
19102116.0,0.3323838140815622,0.0,700.0,680.0,0.7750332667714074,0.13424388064456813,0.0,0.0,0.0,1
19102117.0,0.4670467263757119,0.0,700.0,680.0,0.7769053963626303,0.12781482964694474,0.0,0.0,0.0,1
19102118.0,0.7074451072831156,0.0,700.0,680.0,0.7785189515206872,0.12299303656228157,0.0,0.0,0.0,1
19102119.0,0.8859089096115564,0.0,700.0,680.0,0.7799583644752043,0.11958643323068606,0.0,0.0,0.0,1
19102120.0,1.0551153805870235,0.0,700.0,680.0,0.7809272901511487,0.11667805744829458,0.0,0.0,0.0,1
19102121.0,1.3266752431938929,0.0,700.0,680.0,0.7831983198354273,0.11176608576738262,0.0,0.0,0.0,1
19102122.0,1.5740094491684746,0.0,700.0,680.0,0.7855109631279369,0.10666833542298845,0.0,0.0,0.0,1
19102123.0,1.8239037393120163,0.0,700.0,680.0,0.7881628451523958,0.10045444148155731,0.0,0.0,0.0,1
19102124.0,2.0364478943350015,0.0,700.0,680.0,0.7891803346574306,0.0979425277240807,0.0,0.0,0.0,1
19102125.0,2.5142949542387436,0.0,700.0,680.0,0.7915914581145769,0.09225789594670962,0.0,0.0,0.0,1
19102126.0,2.9595648377743737,0.0,700.0,680.0,0.7962607447011971,0.07965193081928852,0.0,0.0,0.0,1
19102127.0,3.3557031000686757,0.0,700.0,680.0,0.7992456246305395,0.07202553392508651,0.0,0.0,0.0,1
19102129.0,5.082532913459778,0.0,700.0,680.0,0.80351686992763,0.06542138825314416,0.0,0.0,0.0,1
19102130.0,5.226214803517569,0.0,700.0,680.0,0.8033837153587813,0.06708708073926604,0.0,0.0,0.0,1
19102131.0,5.288048166751294,0.0,700.0,680.0,0.8029183414247301,0.06911239363281858,0.0,0.0,0.0,1
19102132.0,5.313531138472902,0.0,700.0,680.0,0.8026834413772677,0.07081837622340902,0.0,0.0,0.0,1
19102133.0,5.738414046473378,0.0,700.0,680.0,0.802608221401403,0.07085916286271154,0.0,0.0,0.0,1
19102134.0,5.889955599087881,0.0,700.0,680.0,0.8032144727530303,0.06767133569465601,0.0,0.0,0.0,1
19102135.0,5.850521296293257,0.0,452.0,452.0,0.8050796411386351,0.06206699539254212,0.0,0.0,0.0,1
19102136.0,6.010024877543171,0.0,452.0,452.0,0.8054081665145026,0.059411778737055,0.0,0.0,0.0,1
19102137.0,6.188985388579706,0.0,452.0,452.0,0.8061462190093064,0.05532450689053978,0.0,0.0,0.0,1
19102138.0,6.241724114902265,0.0,452.0,452.0,0.80640966863167,0.05299376092266244,0.0,0.0,0.0,1
19102139.0,6.233041802341393,0.0,513.0909090909091,452.0,0.8078948991844453,0.04791204119802462,0.0,0.0,0.0,1
19102140.0,6.15378552449594,0.0,522.0,452.0,0.8089432723638488,0.04383475667507408,0.0,0.0,0.0,1
19102142.0,6.432588079838375,0.0,522.0,452.0,0.8089693043290115,0.043418920009749035,0.0,0.0,0.0,1
19102223.0,6.314514377622495,0.0,522.0,452.0,0.8089564118856265,0.04217398345447431,0.0,0.0,0.0,1
19102224.0,6.552260020180536,0.0,522.0,452.0,0.8093026331913324,0.03925900077907206,0.0,0.0,0.0,1
19102226.0,6.749690684127229,0.0,522.0,452.0,0.8096728920936584,0.036213216584543746,0.0,0.0,0.0,1
19102227.0,7.305310595667568,0.0,522.0,452.0,0.8109739628838905,0.03149045736494439,0.0,0.0,0.0,1
19102228.0,7.57416594647786,0.0,530.4,452.0,0.8137713001995552,0.02273266771013234,0.0,0.0,0.0,1
19102229.0,7.862098087720486,0.0,537.4736842105264,452.0,0.8170829223997799,0.012846964187230216,0.0,0.0,0.0,1
19102230.0,8.190922913132159,0.0,530.9565217391304,452.0,0.8189527797110286,0.006399144723229563,0.0,0.0,0.0,1
19102231.0,8.454239024262765,0.0,528.48,452.0,0.8190318279796176,0.005528468310970944,0.0,0.0,0.0,1
19102232.0,8.706911266766129,0.0,528.48,452.0,0.8195456996560097,0.002702492586104195,0.0,0.0,0.0,1
19102233.0,9.275634022151404,0.0,528.48,452.0,0.8199999928474426,0.00013628163624827315,0.0,0.0,0.0,1
19102235.0,9.525356178075247,0.0,528.48,452.0,0.8199999928474426,4.9119177101938266e-05,0.0,0.0,0.0,1
19102236.0,9.78253966159024,0.0,528.48,452.0,0.8199999928474426,4.9119177101938266e-05,0.0,0.0,0.0,1
19102238.0,10.01018418691808,0.0,528.48,452.0,0.8199999928474426,4.9733166815712495e-05,0.0,0.0,0.0,1
19102239.0,10.396675871336301,0.0,558.2222222222222,500.0,0.8199999928474426,4.9119177101938266e-05,0.0,0.0,0.0,1
19102240.0,10.494522401779301,0.0,558.2222222222222,500.0,0.8199999928474426,4.9119177101938266e-05,0.0,0.0,0.0,1
19102241.0,10.989802460281012,0.0,558.2222222222222,500.0,0.8199999928474426,4.9119177101938266e-05,0.0,0.0,0.0,1
19102242.0,11.062561177739687,0.0,534.4615384615385,500.0,0.8199999928474426,4.852016274703658e-05,0.0,0.0,0.0,1
19102243.0,11.655883738917423,0.0,534.4615384615385,500.0,0.8199999928474426,4.9119177101938266e-05,0.0,0.0,0.0,1
19102244.0,11.858152852933156,0.0,534.4615384615385,500.0,0.8199999928474426,4.9119177101938266e-05,0.0,0.0,0.0,1
19102245.0,12.157127973019737,0.0,534.4615384615385,500.0,0.8199999928474426,4.9733166815712495e-05,0.0,0.0,0.0,1
19102246.0,12.107455501952897,0.0,534.4615384615385,500.0,0.8199999928474426,4.852016274703658e-05,0.0,0.0,0.0,1
19102247.0,12.10112175488878,0.0,534.4615384615385,500.0,0.8199999928474426,4.852016274703658e-05,0.0,0.0,0.0,1
19102248.0,11.852192438908013,0.0,534.4615384615385,500.0,0.8199999928474426,4.852016274703658e-05,0.0,0.0,0.0,1
19102249.0,12.180120299978139,0.0,534.4615384615385,500.0,0.8199999928474426,4.9119177101938266e-05,0.0,0.0,0.0,1
19102250.0,12.208179766575215,0.0,500.0,500.0,0.8199999928474426,4.852016274703658e-05,0.0,0.0,0.0,1
19102251.0,12.102088839176936,0.0,700.0,680.0,0.8199999928474426,4.852016274703658e-05,0.0,0.0,0.0,1
19102252.0,11.983893257914254,0.0,700.0,680.0,0.8199999928474426,4.852016274703658e-05,0.0,0.0,0.0,1
19102253.0,12.009048933902864,0.0,700.0,680.0,0.8199999928474426,4.9119177101938266e-05,0.0,0.0,0.0,1
19102254.0,11.76839734462493,0.0,700.0,680.0,0.8199999928474426,0.0,0.0,0.0,0.0,1
19102255.0,11.889701559751193,0.0,700.0,680.0,0.8199999928474426,0.0,0.0,0.0,0.0,1
19103595.0,7.3948871320612675,0.0,837.4285714285714,704.0,0.5992362363102995,0.31646056752062485,0.0,0.0,0.0,1
19103596.0,7.3948871320612675,0.0,837.4285714285714,704.0,0.5992362363102995,0.31646056752062485,0.0,0.0,0.0,1
19103597.0,7.3948871320612675,0.0,837.4285714285714,704.0,0.5992362363102995,0.31646056752062485,0.0,0.0,0.0,1
19103598.0,7.3948871320612675,0.0,908.0,876.0,0.5992362363102995,0.31646056752062485,0.0,0.0,0.0,1
19103599.0,7.3948871320612675,0.0,908.0,876.0,0.5992362363102995,0.31646056752062485,0.0,0.0,0.0,1
19103600.0,7.3948871320612675,0.0,908.0,876.0,0.5992362363102995,0.31646056752062485,0.0,0.0,0.0,1
19103601.0,7.3948871320612675,0.0,908.0,876.0,0.5992362363102995,0.31646056752062485,0.0,0.0,0.0,1
19103602.0,7.3948871320612675,0.0,908.0,876.0,0.5992362363102995,0.31646056752062485,0.0,0.0,0.0,1
19103603.0,7.3948871320612675,0.0,908.0,876.0,0.5992362363102995,0.31646056752062485,0.0,0.0,0.0,1
19103604.0,7.3948871320612675,0.0,940.0,940.0,0.5992362363102995,0.31646056752062485,0.0,0.0,0.0,1
19103605.0,7.3948871320612675,0.0,940.0,940.0,0.5992362363102995,0.31646056752062485,0.0,0.0,0.0,1
19103606.0,7.3948871320612675,0.0,940.0,940.0,0.5992362363102995,0.31646056752062485,0.0,0.0,0.0,1
19103607.0,7.3948871320612675,0.0,940.0,940.0,0.5992362363102995,0.31646056752062485,0.0,0.0,0.0,1
19103608.0,7.3948871320612675,0.0,940.0,940.0,0.5992362363102995,0.31646056752062485,0.0,0.0,0.0,1
19103609.0,7.3948871320612675,0.0,700.0,680.0,0.5992362363102995,0.31646056752062485,0.0,0.0,0.0,1
19103610.0,7.3948871320612675,0.0,700.0,680.0,0.5992362363102995,0.31646056752062485,0.0,0.0,0.0,1
19103611.0,7.3948871320612675,0.0,700.0,680.0,0.5992362363102995,0.31646056752062485,0.0,0.0,0.0,1
19103612.0,7.3948871320612675,0.0,700.0,680.0,0.5992362363102995,0.31646056752062485,0.0,0.0,0.0,1
19103613.0,7.3948871320612675,0.0,700.0,680.0,0.5992362363102995,0.31646056752062485,0.0,0.0,0.0,1
19103614.0,7.3948871320612675,0.0,700.0,680.0,0.5992362363102995,0.31646056752062485,0.0,0.0,0.0,1
19103615.0,7.3948871320612675,0.0,700.0,680.0,0.5992362363102995,0.31646056752062485,0.0,0.0,0.0,1
19103616.0,7.3948871320612675,0.0,700.0,680.0,0.5992362363102995,0.31646056752062485,0.0,0.0,0.0,1
19103617.0,7.3948871320612675,0.0,700.0,680.0,0.5992362363102995,0.31646056752062485,0.0,0.0,0.0,1
19103618.0,7.3948871320612675,0.0,700.0,680.0,0.5992362363102995,0.31646056752062485,0.0,0.0,0.0,1
19103619.0,7.3948871320612675,0.0,700.0,680.0,0.5992362363102995,0.31646056752062485,0.0,0.0,0.0,1
19103620.0,7.3948871320612675,0.0,700.0,680.0,0.5992362363102995,0.31646056752062485,0.0,0.0,0.0,1
19103621.0,7.3948871320612675,0.0,700.0,680.0,0.5992362363102995,0.31646056752062485,0.0,0.0,0.0,1
19103622.0,7.3948871320612675,0.0,700.0,680.0,0.5992362363102995,0.31646056752062485,0.0,0.0,0.0,1
19104699.0,12.126160827833269,0.0,700.0,680.0,0.6713639229536057,0.535506772203371,0.0,0.0,0.0,2
19104700.0,12.030694641645113,0.0,700.0,680.0,0.6716369025409221,0.533646748540923,0.0,0.0,0.0,2
19104701.0,12.065020366507682,0.0,700.0,680.0,0.6709837213158607,0.5379187322687358,0.0,0.0,0.0,2
19104702.0,11.985209615419933,0.0,700.0,680.0,0.6707214020192623,0.5395397781860083,0.0,0.0,0.0,2
19104703.0,11.675460995293156,0.0,700.0,680.0,0.6722154155373573,0.5288807395379991,0.0,0.0,0.0,2
19104704.0,11.729897527119075,0.0,700.0,680.0,0.6702810265123844,0.5438354659359902,0.0,0.0,0.0,2
19104705.0,11.885582191018838,0.0,700.0,680.0,0.6697059608995914,0.5482468831818551,0.0,0.0,0.0,2
19104706.0,11.797516379691107,0.0,700.0,680.0,0.6698702447116375,0.5471362199168652,0.0,0.0,0.0,2
19104707.0,11.56002154586109,0.0,700.0,680.0,0.6696117130326636,0.5484351894277849,0.0,0.0,0.0,2
19104708.0,11.61649381166547,0.0,700.0,680.0,0.6706636652350426,0.5407833482604474,0.0,0.0,0.0,2
19104709.0,11.504065340978743,0.0,700.0,680.0,0.6713166989386081,0.5356206323485821,0.0,0.0,0.0,2
19104710.0,11.811460633454008,0.0,700.0,680.0,0.6720466136932373,0.5298194910865277,0.0,0.0,0.0,2
19104711.0,11.725370338763929,0.0,700.0,680.0,0.6742498520054395,0.5131650728798365,0.0,0.0,0.0,2
19104712.0,11.683629377742177,0.0,700.0,680.0,0.6740718818292385,0.5129244526984488,0.0,0.0,0.0,2
19104713.0,11.748294241591513,0.0,700.0,680.0,0.6766636088490486,0.49349218378774823,0.0,0.0,0.0,2
19104714.0,11.500786403039932,0.0,700.0,680.0,0.6761339645326874,0.49661244245039093,0.0,0.0,0.0,2
19104715.0,11.926576688917727,0.0,700.0,680.0,0.6745862297713756,0.5065771147143096,0.0,0.0,0.0,2
19104716.0,11.964167290506095,0.0,700.0,680.0,0.6730284766305851,0.5173408015147795,0.0,0.0,0.0,2
19104717.0,11.956757732864308,0.0,700.0,680.0,0.6724265404045582,0.5213745370041579,0.0,0.0,0.0,2
19104718.0,11.840509798428794,0.0,700.0,680.0,0.6653676047921181,0.5513290515169501,0.0,0.0,0.0,2
19104719.0,11.844557783730773,0.0,700.0,680.0,0.6624241761863232,0.5619077254086733,0.0,0.0,0.0,2
19104720.0,12.078481318668619,0.0,700.0,680.0,0.662559037528387,0.5607051845730805,0.0,0.0,0.0,2
19104721.0,12.126098277211002,0.0,700.0,680.0,0.6632929354906082,0.5588367013260722,0.0,0.0,0.0,2
19104722.0,11.962123398918806,0.0,700.0,680.0,0.6653741874345919,0.5509227221695389,0.0,0.0,0.0,2
19104723.0,12.12175698724515,0.0,700.0,680.0,0.6650530894597372,0.5533465270274951,0.0,0.0,0.0,2
19104724.0,12.126193811313568,0.0,700.0,680.0,0.6640822328167197,0.560708698115231,0.0,0.0,0.0,2
19104725.0,12.400221071026495,0.0,700.0,680.0,0.6616473529073927,0.5792442006461415,0.0,0.0,0.0,2
19104726.0,12.540508917396416,0.0,700.0,680.0,0.6601463821199205,0.5909676627244478,0.0,0.0,0.0,2
19104727.0,12.387847895287107,0.0,700.0,680.0,0.6595902973558845,0.5948347109483509,0.0,0.0,0.0,2
19104728.0,12.524602372503793,0.0,700.0,680.0,0.6578387509031993,0.6079965086608399,0.0,0.0,0.0,2
19104729.0,12.287715915556841,0.0,700.0,680.0,0.6576062183321258,0.6099782694637039,0.0,0.0,0.0,2
19104730.0,12.539466276705394,0.0,700.0,680.0,0.6553963226516072,0.6266054916309147,0.0,0.0,0.0,2
19104731.0,12.722772995020724,0.0,700.0,680.0,0.6536247156560421,0.6405114686116576,0.0,0.0,0.0,2
19104732.0,12.411033242498304,0.0,700.0,680.0,0.6521194860702608,0.6519999396873684,0.0,0.0,0.0,2
19104733.0,12.702574753661365,0.0,700.0,680.0,0.6508713739889639,0.6619038201040692,0.0,0.0,0.0,2
19104734.0,12.572474702281436,0.0,700.0,680.0,0.6508167746626301,0.6623530923216431,0.0,0.0,0.0,2
19104735.0,12.441236863468955,0.0,700.0,680.0,0.6511078602001991,0.6600759903221954,0.0,0.0,0.0,2
19104736.0,12.46357417303637,0.0,700.0,680.0,0.6506550572812557,0.6638809507712722,0.0,0.0,0.0,2
19104737.0,12.604644578628658,0.0,700.0,680.0,0.6492029890418053,0.6752595623955131,0.0,0.0,0.0,2
19104738.0,12.4449581112045,0.0,700.0,680.0,0.6477819364747883,0.6863776325811575,0.0,0.0,0.0,2
19104739.0,12.170347802963798,0.0,700.0,680.0,0.6461887970382785,0.6988249161729106,0.0,0.0,0.0,2
19104740.0,12.320979735143544,0.0,700.0,680.0,0.6460582777857781,0.7000487921759486,0.0,0.0,0.0,2
19104741.0,12.291110180172913,0.0,700.0,680.0,0.6451844065277664,0.7068468735173896,0.0,0.0,0.0,2
19104742.0,12.576756572093442,0.0,700.0,680.0,0.6433051154017448,0.7214872622862458,0.0,0.0,0.0,2
19104743.0,12.038343485148816,0.0,700.0,680.0,0.6364620827138424,0.7740152476355433,0.0,0.0,0.0,2
19104744.0,12.074181909742151,0.0,700.0,680.0,0.6342954123631502,0.7871590508864477,0.0,0.0,0.0,2
19104745.0,11.795804969326175,0.0,700.0,680.0,0.6282110863094088,0.8253422334224363,0.0,0.0,0.0,2
19104746.0,11.786739792524726,0.0,700.0,680.0,0.6254615044292016,0.8467787100544458,0.0,0.0,0.0,2
19104747.0,11.637797865718264,0.0,700.0,680.0,0.6247144469731971,0.8525798430171194,0.0,0.0,0.0,2
19104748.0,11.49143857623074,0.0,700.0,680.0,0.6252028994922396,0.8486614427234553,0.0,0.0,0.0,2
19104749.0,11.360707175543787,0.0,700.0,680.0,0.6238298423682587,0.8590389810785463,0.0,0.0,0.0,2
19104750.0,11.495160714775729,0.0,700.0,680.0,0.6224599850328663,0.8695755815958675,0.0,0.0,0.0,2
19104751.0,11.9275587885255,0.0,700.0,680.0,0.6212702301832346,0.8788588035565156,0.0,0.0,0.0,2
19104752.0,11.766807824732334,0.0,700.0,680.0,0.6210109002982513,0.8808623789986477,0.0,0.0,0.0,2
19104753.0,11.636474638779262,0.0,700.0,680.0,0.6216012300589145,0.8764741806647717,0.0,0.0,0.0,2
19104754.0,11.764065479152599,0.0,700.0,680.0,0.6210188028178637,0.8809426204313205,0.0,0.0,0.0,2
19104755.0,12.044479964899091,0.0,700.0,680.0,0.6216011515146569,0.8765275316147865,0.0,0.0,0.0,2
19104756.0,12.044579993279484,0.0,700.0,680.0,0.621701635137389,0.875801952956598,0.0,0.0,0.0,2
19104758.0,12.200441735208482,0.0,700.0,680.0,0.619042388903789,0.8964029558193989,0.0,0.0,0.0,2
19104759.0,12.506494874742419,0.0,700.0,680.0,0.6179913901663446,0.9045444146379248,0.0,0.0,0.0,2
19104760.0,13.227861534188259,0.0,700.0,680.0,0.6165879802270369,0.9152003673764019,0.0,0.0,0.0,2
19104761.0,13.339579658651944,0.0,700.0,680.0,0.6126546523509881,0.9414285306747143,0.0,0.0,0.0,2
19104762.0,13.171324249337092,0.0,700.0,680.0,0.6116541480716271,0.949326753616333,0.0,0.0,0.0,2
19104763.0,12.865636692238757,0.0,700.0,680.0,0.6121933244168758,0.9451585128903389,0.0,0.0,0.0,2
19104764.0,13.03692018984037,0.0,700.0,680.0,0.6118295577507985,0.9480324462999271,0.0,0.0,0.0,2
19104765.0,13.174364947042482,0.0,700.0,680.0,0.6119601447370988,0.9470966956283473,0.0,0.0,0.0,2
19104766.0,13.303252397600158,0.0,700.0,680.0,0.6096259016024915,0.9634806808037094,0.0,0.0,0.0,2
19104767.0,13.324604536540281,0.0,700.0,680.0,0.6104372909039627,0.9574690152097631,0.0,0.0,0.0,2
19104768.0,13.62399790632924,0.0,700.0,680.0,0.6115303575992584,0.9491514876484871,0.0,0.0,0.0,2
19104769.0,13.742872561783757,0.0,700.0,680.0,0.6129710301756859,0.9381884939968586,0.0,0.0,0.0,2
19104770.0,13.733831582858537,0.0,700.0,680.0,0.6124993354082108,0.9417512029409408,0.0,0.0,0.0,2
19104771.0,13.319431363684354,0.0,700.0,680.0,0.6127329275012017,0.9400057442486286,0.0,0.0,0.0,2
19104772.0,13.352745608923577,0.0,700.0,680.0,0.6127471561673321,0.9397725123393385,0.0,0.0,0.0,2
19104773.0,12.986656081849606,0.0,700.0,680.0,0.615427788392997,0.9192296803733448,0.0,0.0,0.0,2
19104774.0,13.221667455048735,0.0,700.0,680.0,0.6144591753865466,0.9262693995310937,0.0,0.0,0.0,2
19104775.0,13.3308904876912,0.0,700.0,680.0,0.6144488174238323,0.9264374338550332,0.0,0.0,0.0,2
19104776.0,13.355743849668634,0.0,700.0,680.0,0.6144133463501931,0.9266251303255558,0.0,0.0,0.0,2
19104777.0,13.197494549786626,0.0,700.0,680.0,0.6146995328366757,0.9244701139628887,0.0,0.0,0.0,2
19104778.0,12.730728916241109,0.0,700.0,680.0,0.6163363096154766,0.9118303921487596,0.0,0.0,0.0,2
19104779.0,12.853933934936359,0.0,700.0,680.0,0.6160253161265526,0.9142186980188629,0.0,0.0,0.0,2
19104780.0,13.102569411359024,0.0,700.0,680.0,0.6130014275327141,0.9359990409862848,0.0,0.0,0.0,2
19104781.0,12.716256435339666,0.0,700.0,680.0,0.6107990697026253,0.9524419605731964,0.0,0.0,0.0,2
19104782.0,12.661938290249797,0.0,700.0,680.0,0.6107561610093931,0.9529881222945887,0.0,0.0,0.0,2
19104823.0,11.957761466546966,0.0,700.0,680.0,0.608657215322767,0.9683639910959062,0.0,0.0,0.0,2
19104824.0,12.257325342241336,0.0,700.0,680.0,0.6106804667449579,0.9555043301931242,0.0,0.0,0.0,2
19104825.0,12.276348265077365,0.0,700.0,680.0,0.6073738226184139,0.9788765642378066,0.0,0.0,0.0,2
19104826.0,12.410417482626853,0.0,700.0,680.0,0.6065397924847074,0.9850046803921829,0.0,0.0,0.0,2
19104827.0,12.280099430825866,0.0,700.0,680.0,0.5994884585156853,1.033051531991841,0.0,0.0,0.0,2
19104828.0,12.150141709468176,0.0,700.0,680.0,0.5995739933885174,1.0323191991558782,0.0,0.0,0.0,2
19104829.0,12.298659615315565,0.0,700.0,680.0,0.6009098416493263,1.0231059340783109,0.0,0.0,0.0,2
19104830.0,12.189778091420473,0.0,700.0,680.0,0.6010019280016422,1.0222871504724025,0.0,0.0,0.0,2
19104831.0,12.185943221902773,0.0,700.0,680.0,0.5992851323551602,1.0351364266725234,0.0,0.0,0.0,2
19104832.0,12.0702602442293,0.0,700.0,680.0,0.5991873402654389,1.0359108477462957,0.0,0.0,0.0,2
19104833.0,11.950653210579464,0.0,700.0,680.0,0.5982042124241959,1.0435033801161213,0.0,0.0,0.0,2
19104834.0,12.23854013297812,0.0,700.0,680.0,0.5978681027889252,1.0458791688084603,0.0,0.0,0.0,2
19104835.0,12.409688945046394,0.0,700.0,680.0,0.5946832093191735,1.070881042951419,0.0,0.0,0.0,2
19104836.0,12.685854204648205,0.0,700.0,680.0,0.5894429072549071,1.1096355779261529,0.0,0.0,0.0,2
19104837.0,12.62108037538339,0.0,700.0,680.0,0.5896691076549483,1.108049566363111,0.0,0.0,0.0,2
19104838.0,12.365219239896483,0.0,700.0,680.0,0.5897929452359676,1.1071138843894004,0.0,0.0,0.0,2
19104839.0,12.299095066770581,0.0,700.0,680.0,0.5893052071332932,1.1102208375930787,0.0,0.0,0.0,2
19104840.0,12.268617468615208,0.0,700.0,680.0,0.5899903737008572,1.105421756207943,0.0,0.0,0.0,2
19104841.0,12.178207664163814,0.0,700.0,680.0,0.5923003613212963,1.0896736361362316,0.0,0.0,0.0,2
19104842.0,12.209661545507531,0.0,700.0,680.0,0.5938268405635182,1.0804604008430387,0.0,0.0,0.0,2
19104843.0,12.190544677842329,0.0,700.0,680.0,0.596656479217388,1.0615744443587314,0.0,0.0,0.0,2
19104844.0,12.034945419069963,0.0,700.0,680.0,0.5946349111604102,1.0759827376883706,0.0,0.0,0.0,2
19104845.0,12.029502407523527,0.0,700.0,680.0,0.5946623705327511,1.0757499419152736,0.0,0.0,0.0,2
19104846.0,12.219673399961778,0.0,700.0,680.0,0.5952076933732847,1.0720026747482578,0.0,0.0,0.0,2
19104847.0,12.307845202103879,0.0,700.0,680.0,0.5943128146231175,1.0785686075687408,0.0,0.0,0.0,2
19104848.0,12.224662202742557,0.0,700.0,680.0,0.5937159083507679,1.0830857341672167,0.0,0.0,0.0,2
19104849.0,11.869776797032904,0.0,700.0,680.0,0.5937999803342937,1.0824354717760911,0.0,0.0,0.0,2
19104850.0,11.681122636396243,0.0,700.0,680.0,0.5933369278907776,1.0858249463140965,0.0,0.0,0.0,2
19104851.0,11.954161264079268,0.0,700.0,680.0,0.5898552149534225,1.110055498033762,0.0,0.0,0.0,2
19104852.0,11.865570685170812,0.0,700.0,680.0,0.5897575167962062,1.1108294394281175,0.0,0.0,0.0,2
19104853.0,11.794251953275223,0.0,700.0,680.0,0.5896221779286861,1.1117970004677773,0.0,0.0,0.0,2
19104854.0,11.41701431309426,0.0,700.0,680.0,0.5891723036766052,1.1151602595317653,0.0,0.0,0.0,2
19104855.0,10.890322077502764,0.0,700.0,680.0,0.5879556689320541,1.123750314479921,0.0,0.0,0.0,2
19104856.0,10.966967570204552,0.0,700.0,680.0,0.587104203580301,1.1296914310394963,0.0,0.0,0.0,2
19104857.0,10.327883289786474,0.0,700.0,680.0,0.5851185638227581,1.14346797010045,0.0,0.0,0.0,2
19104858.0,10.265947111823598,0.0,700.0,680.0,0.5837129148436181,1.1531918652263689,0.0,0.0,0.0,2
19104859.0,10.171410875046172,0.0,700.0,680.0,0.5839180201292038,1.1518075481057166,0.0,0.0,0.0,2
19104860.0,9.986994576300015,0.0,700.0,680.0,0.5839918999024379,1.1513790112954598,0.0,0.0,0.0,2
19104861.0,10.401005761209785,0.0,700.0,680.0,0.5815072103782937,1.1687110095848272,0.0,0.0,0.0,2
19104862.0,10.130866905204723,0.0,700.0,680.0,0.5812413267791271,1.1705213107168675,0.0,0.0,0.0,2
19104863.0,10.235254831195538,0.0,700.0,680.0,0.5807016837744066,1.1742790790251743,0.0,0.0,0.0,2
19104864.0,9.915879976472151,0.0,700.0,680.0,0.5810532380894917,1.1718275648791616,0.0,0.0,0.0,2
19104865.0,10.044250192683014,0.0,700.0,680.0,0.581082623179366,1.1717365144229517,0.0,0.0,0.0,2
19104866.0,10.023121409694435,0.0,700.0,680.0,0.5812400093785038,1.1706764646518377,0.0,0.0,0.0,2
19104867.0,9.728929670063682,0.0,700.0,680.0,0.5817160738839043,1.1674222894656805,0.0,0.0,0.0,2
19104868.0,9.553848087345086,0.0,700.0,680.0,0.5824432262667903,1.1622599981449269,0.0,0.0,0.0,2
19104869.0,9.70759300781813,0.0,700.0,680.0,0.579185312912788,1.1842119046199469,0.0,0.0,0.0,2
19104870.0,9.805559043840223,0.0,700.0,680.0,0.5779565955385749,1.1925838979673975,0.0,0.0,0.0,2
19104871.0,9.796639627843305,0.0,700.0,680.0,0.5751690614370653,1.211500902234772,0.0,0.0,0.0,2
19104872.0,9.80086198986183,0.0,700.0,680.0,0.5735079749130908,1.2228783155664986,0.0,0.0,0.0,2
19104873.0,9.578815883724996,0.0,700.0,680.0,0.5720173745620541,1.2333585947025112,0.0,0.0,0.0,2
19104874.0,9.75018823499822,0.0,700.0,680.0,0.5707466587608243,1.2422178284621532,0.0,0.0,0.0,2
19104875.0,9.889029679338739,0.0,700.0,680.0,0.5700125265412215,1.247225062876213,0.0,0.0,0.0,2
19104876.0,9.971633333605029,0.0,700.0,680.0,0.5690968029293013,1.2536852455433505,0.0,0.0,0.0,2
19104877.0,10.325979158884369,0.0,700.0,680.0,0.5676936648786068,1.2633146531879902,0.0,0.0,0.0,2
19104878.0,10.251695009600308,0.0,700.0,680.0,0.5682566645668774,1.2594863198152402,0.0,0.0,0.0,2
19104879.0,10.335927430309528,0.0,700.0,680.0,0.5698985093977393,1.24787995509985,0.0,0.0,0.0,2
19104880.0,10.923364169008236,0.0,700.0,680.0,0.5718613107029985,1.2342675386405573,0.0,0.0,0.0,2
19104881.0,11.041191252777669,0.0,700.0,680.0,0.5725342137057606,1.2297355183740941,0.0,0.0,0.0,2
19104882.0,11.069543022479559,0.0,700.0,680.0,0.5729938171258787,1.2267140266371936,0.0,0.0,0.0,2
19104883.0,11.075573178853565,0.0,700.0,680.0,0.5715838218309793,1.236047504896141,0.0,0.0,0.0,2
19104884.0,10.92937597506769,0.0,700.0,680.0,0.571911807358265,1.2337439432740211,0.0,0.0,0.0,2
19104885.0,10.27467647085007,0.0,700.0,680.0,0.5709773174354008,1.2399523187251318,0.0,0.0,0.0,2
19104886.0,10.813172701075977,0.0,700.0,680.0,0.5708889784636321,1.240432521443308,0.0,0.0,0.0,2
19104887.0,10.879298434926474,0.0,700.0,680.0,0.5712923618351541,1.237575509199282,0.0,0.0,0.0,2
19104888.0,10.932753414663349,0.0,700.0,680.0,0.5710121378302574,1.239221778512001,0.0,0.0,0.0,2
19104889.0,11.095893511748537,0.0,700.0,680.0,0.570080092549324,1.2456452876329422,0.0,0.0,0.0,2
19104890.0,11.530971897880281,0.0,700.0,680.0,0.5701677277684212,1.2450432255864143,0.0,0.0,0.0,2
19104891.0,11.58129928308321,0.0,700.0,680.0,0.5674245461821557,1.2637297809123993,0.0,0.0,0.0,2
19104892.0,11.52019783518126,0.0,700.0,680.0,0.5654768906533718,1.276952400803566,0.0,0.0,0.0,2
19104893.0,11.016509865232305,0.0,700.0,680.0,0.5665517807006836,1.2698987036943437,0.0,0.0,0.0,2
19104894.0,11.145009242118569,0.0,700.0,680.0,0.5666658654808998,1.2691479280591011,0.0,0.0,0.0,2
19104895.0,11.27222721918872,0.0,700.0,680.0,0.5680741555988789,1.2597059287130832,0.0,0.0,0.0,2
19104896.0,11.147010621709818,0.0,700.0,680.0,0.5681117080152035,1.2594869695603848,0.0,0.0,0.0,2
19104897.0,11.149855206152306,0.0,700.0,680.0,0.5685848080659215,1.2562680357619176,0.0,0.0,0.0,2
19104898.0,11.009658474985335,0.0,700.0,680.0,0.5693180945855153,1.2513323169720323,0.0,0.0,0.0,2
19104899.0,11.239789863641207,0.0,700.0,680.0,0.5683354878727394,1.2574693575690064,0.0,0.0,0.0,2
19104900.0,10.932544138105461,0.0,700.0,680.0,0.5675251796841622,1.262907987087965,0.0,0.0,0.0,2
19104901.0,10.784589627704149,0.0,700.0,680.0,0.5666673315895928,1.2685520273667794,0.0,0.0,0.0,2
19104902.0,10.916743204830635,0.0,700.0,680.0,0.5634742401540279,1.2902941837906838,0.0,0.0,0.0,2
19104983.0,11.34031444277664,0.0,700.0,680.0,0.5531090054756556,1.3582844917590802,0.0,0.0,0.0,2
19104984.0,11.18626527467145,0.0,700.0,680.0,0.5462374191731214,1.4018817573785782,0.0,0.0,0.0,2
19104985.0,11.613445035998602,0.0,700.0,680.0,0.5392193715029125,1.4457997626896146,0.0,0.0,0.0,2
19104986.0,12.630907016213829,0.0,700.0,680.0,0.4616369944584521,1.9438820926448968,0.0,0.0,0.0,2
19104987.0,12.486345715911085,0.0,700.0,680.0,0.4570545542985201,1.9732601925730706,0.0,0.0,0.0,2
19104988.0,12.163421566124574,0.0,700.0,680.0,0.45054923949471437,2.0140049730438783,0.0,0.0,0.0,2
19104989.0,12.628076925772808,0.0,700.0,680.0,0.440663892775774,2.0765713438391686,0.0,0.0,0.0,2
19104990.0,12.660900506491704,0.0,700.0,680.0,0.43396162949030914,2.1195694977724098,0.0,0.0,0.0,2
19104991.0,12.628899494943168,0.0,700.0,680.0,0.42764245860184297,2.159773956371259,0.0,0.0,0.0,2
19104992.0,12.607061495925002,0.0,700.0,680.0,0.4268660522714446,2.164742978313301,0.0,0.0,0.0,2
19104993.0,12.552414391194354,0.0,700.0,680.0,0.420020675357384,2.207688037353226,0.0,0.0,0.0,2
19104994.0,12.55998769096216,0.0,700.0,680.0,0.4158711975965744,2.2340351006923576,0.0,0.0,0.0,2
19104995.0,12.314692628976092,0.0,700.0,680.0,0.4094448157503635,2.27440231057662,0.0,0.0,0.0,2
19104996.0,11.874874027399008,0.0,700.0,680.0,0.4038446767207904,2.3101726541152368,0.0,0.0,0.0,2
19104997.0,11.667735772711778,0.0,700.0,680.0,0.4076561383903027,2.286204110085964,0.0,0.0,0.0,2
19104998.0,11.746509613745358,0.0,700.0,680.0,0.4129431598548648,2.253149981740155,0.0,0.0,0.0,2
19104999.0,11.721654058156506,0.0,700.0,680.0,0.4127838853039319,2.255017730254161,0.0,0.0,0.0,2
19105000.0,11.37806760197462,0.0,700.0,680.0,0.4156765146755878,2.236719238905259,0.0,0.0,0.0,2
19105001.0,11.075170621424197,0.0,700.0,680.0,0.4155523521013749,2.2374593905913525,0.0,0.0,0.0,2
19105002.0,10.90579218953882,0.0,700.0,680.0,0.4204005878418684,2.2066679552197455,0.0,0.0,0.0,2
19105003.0,11.284605930037445,0.0,700.0,680.0,0.4213225475594967,2.200798553756521,0.0,0.0,0.0,2
19105004.0,11.26638037358931,0.0,700.0,680.0,0.4210904538631439,2.2021598279476167,0.0,0.0,0.0,2
19105005.0,11.376524060078673,0.0,700.0,680.0,0.4265949223190546,2.1677920907735824,0.0,0.0,0.0,2
19105006.0,11.208322677837831,0.0,700.0,680.0,0.4297256513878151,2.147242135471768,0.0,0.0,0.0,2
19105007.0,11.187292607305796,0.0,700.0,680.0,0.43173514692871656,2.1342138596522955,0.0,0.0,0.0,2
19105008.0,11.573415811313774,0.0,700.0,680.0,0.4387447629123926,2.09014123827219,0.0,0.0,0.0,2
19105009.0,11.570437262206294,0.0,700.0,680.0,0.4425719242542982,2.0658720195293427,0.0,0.0,0.0,2
19105010.0,11.564104519179972,0.0,700.0,680.0,0.4431407933617816,2.0613161310737516,0.0,0.0,0.0,2
19105011.0,11.469935065601927,0.0,700.0,680.0,0.4462049290721799,2.0408552046175354,0.0,0.0,0.0,2
19105012.0,11.773009109263883,0.0,700.0,680.0,0.448018005600682,2.0290432829915743,0.0,0.0,0.0,2
19105013.0,11.83796676996164,0.0,700.0,680.0,0.44729437393906674,2.0339203705022366,0.0,0.0,0.0,2
19105014.0,11.746830778169507,0.0,700.0,680.0,0.44508433047636053,2.048827462726169,0.0,0.0,0.0,2
19105015.0,11.812474762950298,0.0,700.0,680.0,0.44202987794522886,2.070629823355027,0.0,0.0,0.0,2
19105016.0,12.082860892681804,0.0,700.0,680.0,0.43399967774748804,2.122429457306862,0.0,0.0,0.0,2
19105017.0,12.356076528434318,0.0,700.0,680.0,0.43156757732717005,2.138355537158687,0.0,0.0,0.0,2
19105018.0,12.406155899915232,0.0,700.0,680.0,0.42949375310322135,2.1537108479476554,0.0,0.0,0.0,2
19105019.0,12.452020426818546,0.0,700.0,680.0,0.43036309086982116,2.1483215167198653,0.0,0.0,0.0,2
19105020.0,12.319569265084484,0.0,700.0,680.0,0.42655742004877184,2.1728090425816977,0.0,0.0,0.0,2
19105343.0,11.253102525133457,0.0,700.0,680.0,0.23271018466571478,3.8024409573252607,0.0,0.0,0.0,2
19105344.0,11.536274191840691,0.0,700.0,680.0,0.23014347309746389,3.836852120190132,0.0,0.0,0.0,2
19105345.0,11.507375342926577,0.0,700.0,680.0,0.22787050630261255,3.864877910148807,0.0,0.0,0.0,2
19105346.0,11.294730191566744,0.0,700.0,680.0,0.22319076937146298,3.934049780775861,0.0,0.0,0.0,2
19105347.0,10.849719802147726,0.0,700.0,680.0,0.22195728325549463,3.9546358084972995,0.0,0.0,0.0,2
19105348.0,10.680771820052998,0.0,700.0,680.0,0.22201813702230097,3.9529528912202814,0.0,0.0,0.0,2
19105349.0,11.431420555990151,0.0,700.0,680.0,0.21699662120253946,3.991702777368051,0.0,0.0,0.0,2
19105350.0,11.535503696638655,0.0,700.0,680.0,0.21794072713380974,3.9809372307341775,0.0,0.0,0.0,2
19105351.0,11.49726975687561,0.0,700.0,680.0,0.2050196208604952,4.0964850347216535,0.0,0.0,0.0,2
19105352.0,11.63664756511575,0.0,700.0,680.0,0.2002332872814602,4.147453639242384,0.0,0.0,0.0,2
19105353.0,11.773866974841045,0.0,700.0,680.0,0.19295371572176614,4.222555958194497,0.0,0.0,0.0,2
19105354.0,12.214507627407055,0.0,700.0,680.0,0.19026414304971692,4.255949091911316,0.0,0.0,0.0,2
19105355.0,12.066581967790363,0.0,700.0,680.0,0.18963866153868228,4.263227709909764,0.0,0.0,0.0,2
19105356.0,12.014462566473243,0.0,700.0,680.0,0.18078988017859277,4.356951866620853,0.0,0.0,0.0,2
19105357.0,11.825180031580476,0.0,700.0,680.0,0.17907143283037488,4.37155881634465,0.0,0.0,0.0,2
19105358.0,11.99722436670428,0.0,700.0,680.0,0.17803685698244304,4.309052535045294,0.049527656884840975,5.304768112383951e-06,0.0,2
19105359.0,12.174242607954323,0.0,700.0,680.0,0.17897698916494842,4.295185613632202,0.05014675259590149,5.37107771378875e-06,0.0,2
19105360.0,12.318039294310857,0.0,700.0,680.0,0.17817576560709208,4.305168216611132,0.049527656884840975,5.304768112383951e-06,0.0,2
19105361.0,12.27033752932702,0.0,700.0,680.0,0.1746615237659878,4.349470971543112,0.049527656884840975,5.304768112383951e-06,0.0,2
19105362.0,12.299175206103198,0.0,700.0,680.0,0.17489227211033853,4.34490528518771,0.049527656884840975,5.304768112383951e-06,0.0,2
19105363.0,12.091565714308732,0.0,700.0,680.0,0.17754648098858386,4.310124007666984,0.04892366106917218,5.240075818330488e-06,0.0,2
19105364.0,12.271132898053452,0.0,700.0,680.0,0.18483651611136223,4.2303633108371645,0.05074487063216,5.50559079561959e-06,0.0,2
19105365.0,12.465306035287039,0.0,700.0,680.0,0.18597010311521125,4.212365221094202,0.05137135051650765,5.5735610523556345e-06,0.0,2
19105366.0,12.42768459493161,0.0,700.0,680.0,0.18789542714754737,4.183476159602035,0.05137135051650765,5.5735610523556345e-06,0.0,2
19105367.0,12.363134199680426,0.0,700.0,680.0,0.18826340580428083,4.18100384723993,0.05137135051650765,5.5735610523556345e-06,0.0,2
19105368.0,12.406260320729546,0.0,700.0,680.0,0.1887289540842175,4.173804152011871,0.052013492397964003,5.64323056551008e-06,0.0,2
19105369.0,12.433619423624119,0.0,700.0,680.0,0.18721209521646848,4.123757836259442,0.09729648795392778,1.1765148030214893e-05,0.0,2
19105370.0,12.47738692768634,0.0,700.0,680.0,0.19105632915908904,4.068141851896121,0.09729648795392778,1.1765148030214893e-05,0.0,2
19105371.0,12.34104772374323,0.0,700.0,680.0,0.1933055923479359,4.045029861171071,0.09610994541790427,1.1621670615212273e-05,0.0,2
19105372.0,11.859835481476045,0.0,700.0,680.0,0.1957587117283809,3.950881175878571,0.14113133982187365,1.8554872418106174e-05,0.0,2
19105373.0,11.567873548906556,0.0,700.0,680.0,0.19400556609932193,3.9121434056615256,0.18916858804513173,2.311030159516875e-05,0.0,2
19105374.0,11.692309383752,0.0,700.0,680.0,0.19220740593424654,3.8038810375260144,0.28480621645363363,3.548935391579886e-05,0.0,2
19105375.0,11.537331062339668,0.0,700.0,680.0,0.19276395985266054,3.6056691117402986,0.43630869904669317,4.6989316859513535e-05,0.0,2
19105376.0,11.62027015979118,0.0,700.0,680.0,0.19854964141124556,3.4610753221276367,0.5226064833961888,5.608449603719758e-05,0.0,2
19105377.0,11.445880051860481,0.0,700.0,680.0,0.20430386020445526,3.399076622209431,0.5358151110969944,5.887435890828932e-05,0.0,2
19105378.0,11.091740835975584,0.0,700.0,680.0,0.20970158097220626,3.241801712934564,0.6485381011919278,7.883081620890896e-05,0.0,2
20045549.0,4.457896410482632,0.0,976.0,976.0,0.12488672282637615,0.03637419395693917,0.6881265687506374,0.003590295872549484,0.9024390243902439,3
20045550.0,4.3974406951197285,0.0,976.0,976.0,0.1253968950361013,0.037283548805862654,0.694033807516098,0.003674953163044799,0.9,3
20045551.0,4.124767076820363,0.0,976.0,976.0,0.1244347354913332,0.03605529490903198,0.6888109416846769,0.004119601268030188,0.9036144578313253,3
20045552.0,4.231199044575745,0.0,895.1111111111111,612.0,0.12445207757044983,0.03605529490903198,0.6793712679162083,0.004517688131130235,0.891566265060241,3
20045553.0,4.344750543063182,0.0,808.0,612.0,0.12384914179764138,0.03349848391442763,0.6741759915177415,0.00489034332793198,0.8902439024390244,3
20045554.0,4.447599340649383,0.0,808.0,612.0,0.12385023748729283,0.03349848391442763,0.6726493675534319,0.005223432910808157,0.8902439024390244,3
20045555.0,4.482309584071105,0.0,808.0,612.0,0.12918083388128393,0.034422898274145,0.6812223144519476,0.005450576577313268,0.8888888888888888,3
20045556.0,4.578689717340484,0.0,808.0,612.0,0.1206260784356682,0.025051462636501688,0.6822574653743226,0.005516280120193338,0.9012345679012346,3
20045557.0,4.6665938330066785,0.0,808.0,612.0,0.11861028007151164,0.020811685832378298,0.6814463528586022,0.005601410569071885,0.8888888888888888,3
20045559.0,4.6370802191280625,0.0,808.0,612.0,0.11770247299987145,0.018101531900016652,0.6735672878931804,0.005899051741955622,0.891566265060241,3
20045560.0,4.869271074051644,0.0,808.0,612.0,0.11813866724202658,0.018548483304955336,0.673414272290689,0.006037022446064416,0.8888888888888888,3
20045561.0,5.3081050207814355,0.0,808.0,612.0,0.11469540653037431,0.015508463928177027,0.6758811385543259,0.006236459323033254,0.8888888888888888,3
20045562.0,5.428823458448108,0.0,808.0,612.0,0.11506452873537808,0.015901083268130875,0.6753161338311208,0.006269332209083972,0.8734177215189873,3
20045563.0,5.951251167953765,0.0,612.0,612.0,0.11469786319835681,0.015421038941928629,0.6735791313795396,0.006720006700628816,0.8641975308641975,3
20045564.0,6.143161030422312,0.0,612.0,612.0,0.1122323287489973,0.011896508239945508,0.6653632234644007,0.0072634809450705775,0.8518518518518519,3
20045565.0,6.2526275591521525,0.0,612.0,612.0,0.1122334468879817,0.011896508239945508,0.6655945902989234,0.00742973807558159,0.8518518518518519,3
20045566.0,6.523912723781313,0.0,612.0,612.0,0.11242962364531767,0.011352752948392037,0.6670249051685575,0.007597974708592583,0.8227848101265823,3
20045567.0,6.8060296661473245,0.0,612.0,612.0,0.11214433913981468,0.011072438060777418,0.6661880472559988,0.008309316459933908,0.8271604938271605,3
20045568.0,6.737561437178465,0.0,612.0,612.0,0.11217333624760306,0.011072438060777418,0.6614440083503723,0.008825382480058581,0.8271604938271605,3
20045569.0,6.821293226587332,0.0,612.0,612.0,0.11218029076670419,0.011072438060777418,0.6595285100701415,0.009010007045156967,0.8271604938271605,3
20045570.0,6.716054311258412,0.0,612.0,612.0,0.11190387247556659,0.010805632324373144,0.6556645703602986,0.00916842932052658,0.8214285714285714,3
20045571.0,6.8820238560613625,0.0,612.0,612.0,0.11211243566171618,0.009961198360003802,0.6484008328414258,0.009651777545064862,0.8292682926829268,3
20045572.0,6.70530211738349,0.0,700.0,680.0,0.11212873228906109,0.009961198360003802,0.6462349082216804,0.00992071883031449,0.8292682926829268,3
20045573.0,6.78242848904023,0.0,700.0,680.0,0.11232493026182051,0.01008571333950385,0.6411810457706452,0.010357393869344323,0.8271604938271605,3
20045574.0,6.521867877311453,0.0,700.0,680.0,0.11231391932125441,0.009961198360003802,0.6265837840827895,0.011082141405046163,0.8292682926829268,3
20045575.0,6.427743575840542,0.0,700.0,680.0,0.10777513370101831,0.005534589325112324,0.613264176580641,0.012131878575108848,0.8170731707317073,3
20045576.0,6.384674300644359,0.0,700.0,680.0,0.10086894541242972,0.00013212771097450987,0.6029961558035862,0.012914498480335745,0.8048780487804879,3
20045577.0,6.192963099486202,0.0,700.0,680.0,0.10095300758257504,0.00013377930736169127,0.595723407715559,0.013282335555413685,0.8148148148148148,3
20049578.0,3.5489012772295405,0.0,700.0,680.0,0.10536807775497432,0.0007007470618501841,0.45314709587794977,0.01969365992053781,0.15853658536585366,3
20049579.0,3.3797404874077155,0.0,700.0,680.0,0.10500971919082729,0.0011700184087280218,0.46758962323866693,0.01825242680013567,0.1686746987951807,3
20049580.0,3.272398544183961,0.0,700.0,680.0,0.10432417436343863,0.0011842869259076317,0.48507363258338554,0.016644586408624325,0.18292682926829268,3
20049581.0,3.371348392690337,0.0,700.0,680.0,0.10385118997315076,0.0011842869259076317,0.5015502652017082,0.015079713685625386,0.18292682926829268,3
20049582.0,3.378590033350307,0.0,700.0,680.0,0.10368694410454932,0.0011842869259076317,0.5075026096367254,0.014393334838465123,0.18292682926829268,3
20049583.0,7.3948871320612675,0.0,700.0,680.0,0.5992362363102995,0.31646056752062485,0.0,0.0,0.0,1
20049584.0,7.3948871320612675,0.0,700.0,680.0,0.5992362363102995,0.31646056752062485,0.0,0.0,0.0,1
20049585.0,7.3948871320612675,0.0,700.0,680.0,0.5992362363102995,0.31646056752062485,0.0,0.0,0.0,1
20049586.0,7.3948871320612675,0.0,700.0,680.0,0.5992362363102995,0.31646056752062485,0.0,0.0,0.0,1
20049587.0,7.3948871320612675,0.0,700.0,680.0,0.5992362363102995,0.31646056752062485,0.0,0.0,0.0,1
20049588.0,7.3948871320612675,0.0,700.0,680.0,0.5992362363102995,0.31646056752062485,0.0,0.0,0.0,1
20049589.0,7.3948871320612675,0.0,700.0,680.0,0.5992362363102995,0.31646056752062485,0.0,0.0,0.0,1
20049590.0,7.3948871320612675,0.0,700.0,680.0,0.5992362363102995,0.31646056752062485,0.0,0.0,0.0,1
20049591.0,7.3948871320612675,0.0,700.0,680.0,0.5992362363102995,0.31646056752062485,0.0,0.0,0.0,1
20049592.0,7.3948871320612675,0.0,700.0,680.0,0.5992362363102995,0.31646056752062485,0.0,0.0,0.0,1
20049593.0,7.3948871320612675,0.0,700.0,680.0,0.5992362363102995,0.31646056752062485,0.0,0.0,0.0,1
20049594.0,7.3948871320612675,0.0,700.0,680.0,0.5992362363102995,0.31646056752062485,0.0,0.0,0.0,1
20049595.0,7.3948871320612675,0.0,700.0,680.0,0.5992362363102995,0.31646056752062485,0.0,0.0,0.0,1
20049596.0,7.3948871320612675,0.0,700.0,680.0,0.5992362363102995,0.31646056752062485,0.0,0.0,0.0,1
20049597.0,7.3948871320612675,0.0,700.0,680.0,0.5992362363102995,0.31646056752062485,0.0,0.0,0.0,1
20049598.0,7.3948871320612675,0.0,700.0,680.0,0.5992362363102995,0.31646056752062485,0.0,0.0,0.0,1
20049599.0,7.3948871320612675,0.0,700.0,680.0,0.5992362363102995,0.31646056752062485,0.0,0.0,0.0,1
20049600.0,7.3948871320612675,0.0,700.0,680.0,0.5992362363102995,0.31646056752062485,0.0,0.0,0.0,1
20049601.0,7.3948871320612675,0.0,700.0,680.0,0.5992362363102995,0.31646056752062485,0.0,0.0,0.0,1
20049602.0,7.3948871320612675,0.0,700.0,680.0,0.5992362363102995,0.31646056752062485,0.0,0.0,0.0,1
20049603.0,7.3948871320612675,0.0,700.0,680.0,0.5992362363102995,0.31646056752062485,0.0,0.0,0.0,1
20049604.0,7.3948871320612675,0.0,700.0,680.0,0.5992362363102995,0.31646056752062485,0.0,0.0,0.0,1
20049605.0,7.3948871320612675,0.0,700.0,680.0,0.5992362363102995,0.31646056752062485,0.0,0.0,0.0,1
20049606.0,7.3948871320612675,0.0,700.0,680.0,0.5992362363102995,0.31646056752062485,0.0,0.0,0.0,1
20049607.0,7.3948871320612675,0.0,700.0,680.0,0.5992362363102995,0.31646056752062485,0.0,0.0,0.0,1
20049608.0,7.3948871320612675,0.0,700.0,680.0,0.5992362363102995,0.31646056752062485,0.0,0.0,0.0,1
20049609.0,7.3948871320612675,0.0,700.0,680.0,0.5992362363102995,0.31646056752062485,0.0,0.0,0.0,1
20049610.0,7.3948871320612675,0.0,700.0,680.0,0.5992362363102995,0.31646056752062485,0.0,0.0,0.0,1
20049611.0,7.3948871320612675,0.0,700.0,680.0,0.5992362363102995,0.31646056752062485,0.0,0.0,0.0,1
20049612.0,7.3948871320612675,0.0,700.0,680.0,0.5992362363102995,0.31646056752062485,0.0,0.0,0.0,1
20049613.0,7.3948871320612675,0.0,700.0,680.0,0.5992362363102995,0.31646056752062485,0.0,0.0,0.0,1
20049614.0,7.3948871320612675,0.0,700.0,680.0,0.5992362363102995,0.31646056752062485,0.0,0.0,0.0,1
20049615.0,7.3948871320612675,0.0,700.0,680.0,0.5992362363102995,0.31646056752062485,0.0,0.0,0.0,1
20049616.0,7.3948871320612675,0.0,700.0,680.0,0.5992362363102995,0.31646056752062485,0.0,0.0,0.0,1
20049617.0,7.3948871320612675,0.0,700.0,680.0,0.5992362363102995,0.31646056752062485,0.0,0.0,0.0,1
20049618.0,7.3948871320612675,0.0,700.0,680.0,0.5992362363102995,0.31646056752062485,0.0,0.0,0.0,1
20049619.0,7.3948871320612675,0.0,700.0,680.0,0.5992362363102995,0.31646056752062485,0.0,0.0,0.0,1
20049620.0,7.3948871320612675,0.0,700.0,680.0,0.5992362363102995,0.31646056752062485,0.0,0.0,0.0,1
20049621.0,7.3948871320612675,0.0,700.0,680.0,0.5992362363102995,0.31646056752062485,0.0,0.0,0.0,1
20049622.0,7.3948871320612675,0.0,700.0,680.0,0.5992362363102995,0.31646056752062485,0.0,0.0,0.0,1
20049623.0,7.3948871320612675,0.0,700.0,680.0,0.5992362363102995,0.31646056752062485,0.0,0.0,0.0,1
20049624.0,7.3948871320612675,0.0,700.0,680.0,0.5992362363102995,0.31646056752062485,0.0,0.0,0.0,1
20049625.0,7.3948871320612675,0.0,700.0,680.0,0.5992362363102995,0.31646056752062485,0.0,0.0,0.0,1
20049626.0,7.3948871320612675,0.0,700.0,680.0,0.5992362363102995,0.31646056752062485,0.0,0.0,0.0,1
20049627.0,7.3948871320612675,0.0,700.0,680.0,0.5992362363102995,0.31646056752062485,0.0,0.0,0.0,1
20049628.0,7.3948871320612675,0.0,700.0,680.0,0.5992362363102995,0.31646056752062485,0.0,0.0,0.0,1
20049629.0,7.3948871320612675,0.0,700.0,680.0,0.5992362363102995,0.31646056752062485,0.0,0.0,0.0,1
20049630.0,7.3948871320612675,0.0,700.0,680.0,0.5992362363102995,0.31646056752062485,0.0,0.0,0.0,1
20049631.0,7.3948871320612675,0.0,700.0,680.0,0.5992362363102995,0.31646056752062485,0.0,0.0,0.0,1
20049632.0,7.3948871320612675,0.0,700.0,680.0,0.5992362363102995,0.31646056752062485,0.0,0.0,0.0,1
20049633.0,7.3948871320612675,0.0,700.0,680.0,0.5992362363102995,0.31646056752062485,0.0,0.0,0.0,1
20049634.0,7.3948871320612675,0.0,-384.0,-384.0,0.5992362363102995,0.31646056752062485,0.0,0.0,0.0,0
20049635.0,7.3948871320612675,0.0,-384.0,-384.0,0.5992362363102995,0.31646056752062485,0.0,0.0,0.0,0
20049636.0,7.3948871320612675,0.0,-165.5,-392.0,0.5992362363102995,0.31646056752062485,0.0,0.0,0.0,0
20049637.0,7.3948871320612675,0.0,-79.6,-392.0,0.5992362363102995,0.31646056752062485,0.0,0.0,0.0,0
20049639.0,7.3948871320612675,0.0,-19.0,-392.0,0.5992362363102995,0.31646056752062485,0.0,0.0,0.0,0
20049641.0,7.3948871320612675,0.0,63.15,-392.0,0.5992362363102995,0.31646056752062485,0.0,0.0,0.0,0
20049644.0,7.3948871320612675,0.0,88.48888888888888,-392.0,0.5992362363102995,0.31646056752062485,0.0,0.0,0.0,0
20049647.0,7.3948871320612675,0.0,88.48888888888888,-392.0,0.5992362363102995,0.31646056752062485,0.0,0.0,0.0,0
20063063.0,10.668240101694655,0.0,700.0,680.0,0.14328153964913917,0.05211092275854797,0.7345404635976862,0.0005032428034385322,0.024691358024691357,3
20063064.0,10.540737078948426,0.0,700.0,680.0,0.14385073066134993,0.050798158408908896,0.7395696470254585,0.0004905066408711621,0.02531645569620253,3
20063065.0,10.688143108708257,0.0,700.0,680.0,0.14264176491601963,0.04849267573912201,0.7503934984589801,0.00040006424073286176,0.024691358024691357,3
20063066.0,10.69695566391433,0.0,700.0,680.0,0.14415323403146527,0.0505920137612172,0.7442865647651531,0.00040379481894580366,0.024691358024691357,3
20063067.0,10.573301289192965,0.0,700.0,680.0,0.141315860900937,0.04783052773919046,0.7462242779935279,0.0004020284470198671,0.024390243902439025,3
20063068.0,10.84288676590744,0.0,700.0,680.0,0.1400978561536765,0.0451670081389171,0.7516575356324514,0.0003867160347807272,0.024691358024691357,3
20063069.0,10.446669670731497,0.0,700.0,680.0,0.13962420554440694,0.0450720249928166,0.7480172996903643,0.000390818996504363,0.024691358024691357,3
20063070.0,10.72589409508851,0.0,700.0,680.0,0.13965635930682402,0.0450720249928166,0.7254937059349484,0.00039626811620240124,0.024691358024691357,3
20063071.0,10.724610413972957,0.0,700.0,680.0,0.139765884037371,0.0450720249928166,0.7055966876171254,0.0003989878472408852,0.012345679012345678,3
20063072.0,10.719268746927384,0.0,700.0,680.0,0.12890454464488554,0.03558805879826346,0.696327719423506,0.0004005283286167938,0.012345679012345678,3
20063073.0,10.717012692068419,0.0,700.0,680.0,0.12700073503785658,0.03245295842327636,0.6903138679486734,0.0003839640444816765,0.012345679012345678,3
20063074.0,10.718462084737304,0.0,700.0,680.0,0.11425177605799683,0.022065112809938038,0.6667261296584283,0.0003870905646090926,0.012345679012345678,3
20063075.0,10.720405764353437,0.0,700.0,680.0,0.11497035521416012,0.022065112809938038,0.6457643060036647,0.00039754064184505426,0.012345679012345678,3
20063076.0,10.584723918066093,0.0,700.0,680.0,0.11573478634710661,0.022065112809938038,0.624354186249368,0.0004089758214022914,0.012345679012345678,3
20063077.0,10.71822507951887,0.0,700.0,680.0,0.11691679272018829,0.022065112809938038,0.5970355378992763,0.0004232968913353395,0.037037037037037035,3
20063078.0,10.589985259010769,0.0,700.0,680.0,0.11635428957822842,0.020234885381352968,0.5799299478530884,0.00042425367073293055,0.07317073170731707,3
20063079.0,10.723079242465282,0.0,700.0,680.0,0.11297798919968484,0.015754518354675024,0.5760496411381698,0.0004008089555299171,0.07317073170731707,3
20063080.0,10.722145068022309,0.0,700.0,680.0,0.11046079725745209,0.011822556341852404,0.566720592329301,0.00033849251880137347,0.08433734939759036,3
20063081.0,10.858312586471135,0.0,700.0,680.0,0.1094909643799793,0.009362074484049179,0.5319034231872093,0.00033937289064358655,0.12195121951219512,3
20063082.0,10.86146934496033,0.0,700.0,680.0,0.1092277843414283,0.008023297283571299,0.517364493593937,0.00033549554844767806,0.10975609756097561,3
20063083.0,10.998127209036793,0.0,700.0,680.0,0.10938583121255588,0.008122350336454896,0.508260644512412,0.00033657923398281234,0.1111111111111111,3
20063084.0,10.730529848207844,0.0,700.0,680.0,0.10924833356624554,0.00783226639586722,0.49441071564242955,0.0003336672693659548,0.10714285714285714,3
20063085.0,10.86217382367493,0.0,700.0,680.0,0.10976715158761997,0.008023297283571299,0.4634584617323992,0.0003364373068750622,0.10975609756097561,3
20063086.0,10.996694551893974,0.0,700.0,680.0,0.10850795036480747,0.004930344726430409,0.44890673329800734,0.0003351673198558654,0.1111111111111111,3
20063087.0,10.725335546584287,0.0,700.0,680.0,0.10827560266479845,0.0021233436709735517,0.4364239603281021,0.00032273448414338747,0.1125,3
20063088.0,11.118771849262426,0.0,700.0,680.0,0.10830410133774683,0.0,0.40639338442465156,0.0003263774079840878,0.14634146341463414,3
20063089.0,11.116567788681394,0.0,700.0,680.0,0.1086267221083001,0.0,0.39802822107222025,0.0003296920102268024,0.14634146341463414,3
20063090.0,11.389756351496008,0.0,700.0,680.0,0.10925984143474951,0.0,0.38736486103799606,0.0003377110551809383,0.1728395061728395,3
20063091.0,11.542075123289822,0.0,700.0,680.0,0.10987036353276096,0.0,0.3806838937747625,0.00034656795945421605,0.2222222222222222,3
20063092.0,11.552945448624758,0.0,700.0,680.0,0.1095479838090178,0.0,0.38559014782493495,0.0003419334475269593,0.25925925925925924,3
20063093.0,5.316429977387881,0.0,700.0,680.0,0.106438520205457,0.013989135946669588,0.68716609623374,0.006428248549083188,0.047619047619047616,3
20063094.0,5.068138121758557,0.0,700.0,680.0,0.10503002752860383,0.012058416962117686,0.6833950656431692,0.006711733115356896,0.060240963855421686,3
20063095.0,4.730985339987343,0.0,700.0,680.0,0.10190152658558468,0.008224755667558887,0.6851470405008735,0.006895154488142304,0.05952380952380952,3
20063096.0,4.411306959663594,0.0,700.0,680.0,0.10627538092979566,0.013247954210539047,0.6840079317732555,0.0070334483405131735,0.05952380952380952,3
20063097.0,4.317463824954242,0.0,700.0,680.0,0.10657543134762015,0.015140362634755117,0.6865204543602176,0.007217152504869349,0.05952380952380952,3
20063098.0,4.154468598730151,0.0,700.0,680.0,0.10657703458535958,0.015161025819152858,0.6884482132225502,0.007471531332135383,0.07142857142857142,3
20063099.0,3.891284163814484,0.0,700.0,680.0,0.10657693263961043,0.015161025819152858,0.6886889876388922,0.007523948287665118,0.10714285714285714,3
20063100.0,3.737674730180671,0.0,700.0,680.0,0.10672065606340761,0.015276508317037942,0.6883819453418255,0.007616869264893422,0.10975609756097561,3
20063101.0,3.8645184930715017,0.0,700.0,680.0,0.10655948419759909,0.01490391055320775,0.6886837082665141,0.007553339956424769,0.13095238095238096,3
20063102.0,3.800434926982314,0.0,700.0,680.0,0.10717409885511162,0.016636430153839008,0.6878077075248812,0.007420881528537904,0.13095238095238096,3
20063143.0,3.7667820892838666,0.0,700.0,680.0,0.10683036223053928,0.01434093507478104,0.6893559432611233,0.007707269919082115,0.13095238095238096,3
20063144.0,3.7352546506903224,0.0,700.0,680.0,0.10675018496183024,0.014168152724482472,0.6886389751032175,0.007650789193225509,0.12941176470588237,3
20063145.0,3.8576743065076236,0.0,700.0,680.0,0.10682440512790908,0.01434093507478104,0.6878460253157267,0.007455983461823453,0.15476190476190477,3
20063146.0,3.937984992656552,0.0,700.0,680.0,0.10724252326095972,0.015671992474292375,0.6860314927450041,0.007361068847452859,0.15476190476190477,3
20063147.0,4.037857581589948,0.0,700.0,680.0,0.10741544412448997,0.016063792286149688,0.6891079738736152,0.0072432043429216265,0.14457831325301204,3
20063148.0,3.9645018408987647,0.0,700.0,680.0,0.1070638899469659,0.015298849796333034,0.6924139715376354,0.006908489313770671,0.1511627906976744,3
20063149.0,4.458060939779661,0.0,700.0,680.0,0.10789611217815698,0.018611460042515446,0.689325344998662,0.0057934560227738355,0.17857142857142858,3
20063150.0,4.672710932330659,0.0,700.0,680.0,0.10789088287004606,0.018611460042515446,0.6896058735324115,0.005211634260620708,0.19047619047619047,3
20063151.0,4.8298343191105975,0.0,700.0,680.0,0.10769519937180333,0.018168330041503172,0.688467922664824,0.00487250953249579,0.18823529411764706,3
20063152.0,5.132875794732642,0.0,700.0,680.0,0.10708602195904575,0.016377819516627045,0.6864704180646826,0.004774398893156667,0.1951219512195122,3
20063153.0,5.3656380775965165,0.0,700.0,680.0,0.10708942209128976,0.016377819516627045,0.6835754285623998,0.004445898584463809,0.18292682926829268,3
20063154.0,5.619581660114455,0.0,700.0,680.0,0.10708499313504603,0.016377819516627045,0.684605598449707,0.004140961061182884,0.1951219512195122,3
20063155.0,5.752276779094111,0.0,700.0,680.0,0.10574549662915962,0.01380331658528339,0.6827884776682793,0.003930930222297646,0.2,3
20063156.0,6.16452124744253,0.0,700.0,680.0,0.10262770564467814,0.008922606199278411,0.6903609883638075,0.003538728690020594,0.2073170731707317,3
20063157.0,6.352045618298981,0.0,700.0,680.0,0.10682041335988923,0.01392699934450196,0.6842469940950842,0.0031046742416363077,0.21951219512195122,3
20063158.0,6.523716134203383,0.0,700.0,680.0,0.12182482497559649,0.026657470306496556,0.6741196991484842,0.002624319922710714,0.21951219512195122,3
20063159.0,6.53197234047193,0.0,700.0,680.0,0.14193741797682746,0.04541087998862726,0.6645571521247726,0.0022576418138548432,0.21428571428571427,3
20063160.0,6.5830573434904345,0.0,700.0,680.0,0.15408503724101144,0.05722081941770917,0.6581806433789524,0.0018729601857265627,0.1951219512195122,3
20063161.0,6.636919128449435,0.0,700.0,680.0,0.1609581307864483,0.062467903312709586,0.648369958371292,0.0019201477171682418,0.21951219512195122,3
20063162.0,6.961282288097455,0.0,700.0,680.0,0.17411303308642936,0.07261054939877838,0.6392740920002078,0.001765812050619758,0.21951219512195122,3
20063163.0,6.903472564516693,0.0,700.0,680.0,0.1883862216347529,0.08175952608386675,0.6323569332375939,0.001648828564982394,0.21951219512195122,3
20063164.0,6.968161794455093,0.0,700.0,680.0,0.20944006189152042,0.09792494189776019,0.6229755374384515,0.00130689965082611,0.1951219512195122,3
20063165.0,6.929719725942314,0.0,700.0,680.0,0.20972533993147033,0.09916764208012158,0.6232122959178171,0.0012565974195442062,0.21951219512195122,3
20063166.0,6.988843364963763,0.0,700.0,680.0,0.21224115845523298,0.10071555161966553,0.6215526465373703,0.001333905807838071,0.225,3
20063167.0,4.342603054249984,0.0,984.074074074074,968.0,0.2533979483880102,0.14807004605536347,0.5959462486207485,0.007894457350084802,0.15,3
20063168.0,4.042292990418441,0.0,984.074074074074,968.0,0.2603523174300789,0.15539106578216885,0.599796474725008,0.007827948271915328,0.1375,3
20063169.0,3.547500945863215,0.0,984.074074074074,968.0,0.27465338846668597,0.1671258051006589,0.5974961459636688,0.0078083511105432515,0.15,3
20063170.0,3.348734504776099,0.0,984.074074074074,968.0,0.26755464610494206,0.16413564051581936,0.6022666747923251,0.007821122150710751,0.16049382716049382,3
20063172.0,3.230374061120911,0.0,984.074074074074,968.0,0.2693970074877142,0.1706492845492903,0.6044664230197668,0.007938550800008623,0.15,3
20063174.0,3.1102082798138095,0.0,984.074074074074,968.0,0.2961704950779676,0.19069247735315,0.5974674899131059,0.007884687604655436,0.1375,3
20063175.0,2.9191208372931836,0.0,984.074074074074,968.0,0.31543355789035554,0.21541100931935944,0.5872777692973614,0.00787364613161112,0.1125,3
20063176.0,2.9834623817040202,0.0,984.074074074074,968.0,0.3305099321529269,0.23290996351861395,0.5806134056299925,0.007781861965031518,0.1,3
20063177.0,2.9303401776601166,0.0,984.074074074074,968.0,0.32559218184079647,0.2434354105124963,0.583649198214213,0.007513132790650734,0.08641975308641975,3
20063178.0,3.1394135886973427,0.0,984.074074074074,968.0,0.3053822311354272,0.2159803591404156,0.6021642558000706,0.007493186945749193,0.09876543209876543,3
20063179.0,3.072721481886364,0.0,984.074074074074,968.0,0.310581750413285,0.22144821633384387,0.5913770445917226,0.007680007754510027,0.08860759493670886,3
20063180.0,3.29449474683249,0.0,984.074074074074,968.0,0.3275630108000319,0.23158161104714245,0.5734119143015073,0.0075577024615119245,0.09876543209876543,3
20063181.0,3.323973969565197,0.0,984.074074074074,968.0,0.3248342506587505,0.2282692435372155,0.5771239567548037,0.007436608556054086,0.1125,3
20063182.0,3.329637749914968,0.0,984.074074074074,968.0,0.35325525112358136,0.2557354741614818,0.5621332680737531,0.006789777876056813,0.12345679012345678,3
20069743.0,3.0426861474003517,0.0,700.0,680.0,0.11009284976539728,0.0,0.3816469206085688,0.04683592766994912,0.0625,3
20069744.0,2.8577802356686277,0.0,700.0,680.0,0.10948244711527454,0.0,0.38479195879055905,0.04514474328607316,0.06329113924050633,3
20069745.0,2.9512897206499327,0.0,700.0,680.0,0.1086043928620181,5.505646024889494e-05,0.40435738842698593,0.04159739524932114,0.0625,3
20069746.0,2.9753968511571633,0.0,700.0,680.0,0.107955012566004,0.0009893605975099832,0.41837066946885526,0.03901494398693705,0.06329113924050633,3
20069747.0,3.0064415421617667,0.0,700.0,680.0,0.10806390205398198,0.0035628078563604464,0.4386131100356579,0.0353253245581072,0.07407407407407407,3
20069748.0,2.9719145395791235,0.0,700.0,680.0,0.10763271765995625,0.003607906689985262,0.44790207057059567,0.03301833200955883,0.075,3
20069749.0,2.877467687787181,0.0,700.0,680.0,0.10736447582021351,0.0035628078563604464,0.45628057457506654,0.03145095494055563,0.07407407407407407,3
20069750.0,2.991739474265691,0.0,700.0,680.0,0.10743564009279395,0.003701618552062801,0.46117232294825766,0.030653994136781677,0.08974358974358974,3
20069751.0,3.1072749530818715,0.0,700.0,680.0,0.10733735754892419,0.003701618552062801,0.46552425545531434,0.03012187760145635,0.08974358974358974,3
20069752.0,3.284796116668794,0.0,700.0,680.0,0.10716356366098696,0.003701618552062801,0.47035570655550274,0.02999061485695763,0.08974358974358974,3
20069753.0,3.4627442165408397,0.0,700.0,680.0,0.10704180946597801,0.003701618552062801,0.4736215688965537,0.02974526796360683,0.11538461538461539,3
20069754.0,3.2930113868563677,0.0,700.0,680.0,0.10676439180970188,0.0035628078563604464,0.48126872926950454,0.028839900516504667,0.10975609756097561,3
20069755.0,3.4634800455093546,0.0,700.0,680.0,0.10655541350315138,0.003701618552062801,0.49546519657234095,0.02674690580926075,0.12658227848101267,3
20069756.0,3.5436859182209,0.0,700.0,680.0,0.10630861079538019,0.003701618552062801,0.5042246854924536,0.025347955021462903,0.11392405063291139,3
20069757.0,3.8321527002029105,0.0,700.0,680.0,0.10599837480829308,0.003654161903959432,0.5137700381187292,0.023472429459126476,0.125,3
20069758.0,3.9318842452964087,0.0,700.0,680.0,0.10571198480633584,0.003654161903959432,0.5182470744236921,0.0226947435100252,0.1375,3
20069759.0,3.9438473214162286,0.0,700.0,680.0,0.10566728130767215,0.0037503240593267854,0.5218859875672742,0.021910147456525732,0.15384615384615385,3
20069760.0,4.187531213517196,0.0,700.0,680.0,0.10557052787197259,0.0037503240593267854,0.522448405623436,0.021831765633051874,0.1794871794871795,3
20069761.0,4.256874536648667,0.0,700.0,680.0,0.10547776973328071,0.0038516841690383204,0.5263488912904585,0.021194884462307186,0.18181818181818182,3
20069762.0,4.514836184453074,0.0,700.0,680.0,0.10538034835779986,0.0038516841690383204,0.5270013462852787,0.021052182686666133,0.2077922077922078,3
20069763.0,4.572011753964994,0.0,700.0,680.0,0.10521720809071027,0.003904446965874462,0.5298292779759185,0.020597035763785198,0.21052631578947367,3
20069764.0,4.948092455549463,0.0,700.0,680.0,0.10454145456488063,0.0038516841690383204,0.5349101162440068,0.019102702782539654,0.2236842105263158,3
20069765.0,5.2873705726253615,0.0,700.0,680.0,0.11000574876864747,0.003800328380117809,0.5269718049963316,0.017916758147378715,0.2077922077922078,3
20069766.0,5.5164358561849705,0.0,700.0,680.0,0.11030378013849254,0.003800328380117809,0.5269102226694425,0.016032595634460405,0.22077922077922077,3
20069767.0,5.434269445105224,0.0,700.0,680.0,0.11029462585846578,0.003800328380117809,0.5269037968913715,0.015530077299723978,0.23076923076923078,3
20069768.0,5.578980473652235,0.0,700.0,680.0,0.11268197576204932,0.003742335575322307,0.5049132725596428,0.016032550146725607,0.23076923076923078,3
20069769.0,5.721102100382822,0.0,700.0,680.0,0.11416241918739516,0.0027349276566191708,0.4868606431899886,0.016227702053775352,0.25316455696202533,3
20069770.0,5.961547296252729,0.0,700.0,680.0,0.11384868810574209,0.0,0.46799783358971275,0.018217421695395947,0.24358974358974358,3
20069771.0,5.956621429678981,0.0,700.0,680.0,0.11410755049940698,0.0,0.46169706504489927,0.018960296465642387,0.2597402597402597,3
20069772.0,6.106519534230218,0.0,700.0,680.0,0.1140192496149163,0.0,0.4534166785643289,0.01937835968075021,0.25316455696202533,3
20069773.0,5.94472601044271,0.0,700.0,680.0,0.11566493411858872,0.0,0.4413479695526453,0.018778909999617472,0.25925925925925924,3
20069774.0,5.878245771290619,0.0,700.0,680.0,0.11588765814518312,0.0,0.4362625211286239,0.01898057473180154,0.2716049382716049,3
20069775.0,5.731851231327586,0.0,700.0,680.0,0.11576877176007133,0.0,0.4344646446878397,0.019397933846943712,0.2682926829268293,3
20069776.0,5.730252992929937,0.0,700.0,680.0,0.11612811316917464,0.0,0.43254816251528727,0.019247502475967824,0.25,3
20069777.0,5.981978422203086,0.0,700.0,680.0,0.11609080691750229,0.0,0.4202089878037954,0.020972077602495164,0.25,3
20069778.0,6.148824083290992,0.0,700.0,680.0,0.11613740743352811,0.0,0.41769614233038366,0.021220075400868527,0.25,3
